word,count
"a",1944
"a-blossoming",1
"a-doing",1
"a-dying",1
"a-fishing",1
"a-flaming",2
"a-flutter",1
"a-flying",1
"a-gallop",1
"a-glitter",1
"a-going",1
"a-growing",1
"a-horse-back",1
"a-horseback",1
"a-hunting",1
"a-laughing",1
"a-longing",1
"a-night-tide",2
"a-night-tides",1
"a-night-time",1
"a-nights",2
"a-playing",1
"a-praying",1
"a-running",1
"a-singing",1
"a-straddle",1
"a-talking",2
"a-toying",1
"a-tumbling",1
"a-weeping",4
"aback",11
"abashed",7
"abashment",1
"abate",1
"abated",1
"abatement",1
"abed",1
"abide",60
"abided",9
"abiders",1
"abideth",6
"abiding",20
"abiding-place",1
"able",8
"aboard",13
"abode",30
"abounding",1
"about",262
"above",26
"abovesaid",2
"abroad",10
"absence",5
"abundance",2
"abundant",1
"abundantly",4
"accompanied",2
"accomplish",2
"accomplished",4
"according",10
"account",3
"accounted",2
"accursed",9
"accused",1
"ache",1
"aches",1
"achieve",1
"achieved",1
"acquaintance",1
"acre",3
"acre-land",4
"across",23
"adam",16
"adam’s",3
"added",1
"adder",1
"admonished",1
"ado",17
"adoing",1
"adoors",2
"adorn",1
"adown",8
"advanced",1
"adventure",27
"adventures",3
"adventurous",1
"advised",1
"afar",4
"afeard",3
"affright",1
"affrighted",2
"afield",6
"afire",1
"aflame",2
"afoot",16
"afore",3
"aforesaid",32
"aforetime",3
"afraid",16
"afresh",3
"aft",1
"after",128
"afternoon",7
"afterwards",12
"again",392
"against",63
"age",5
"aged",1
"aghast",3
"ago",21
"agone",10
"agony",1
"agreed",1
"ah",11
"ahead",6
"aid",1
"ailed",1
"ailing",1
"ails",3
"aimed",1
"air",16
"ajoy",1
"akin",1
"aland",8
"alarms",1
"alas",4
"albeit",13
"alboun",1
"alder",3
"alder-boughs",1
"alder-wood",1
"alderman",3
"aldermen",2
"alders",2
"ale-houses",1
"alien",8
"aliens",1
"alighted",1
"alike",3
"alive",31
"all",765
"all-armed",3
"all-hallows",7
"allay",1
"allegiance",2
"alley",4
"almost",7
"aloft",12
"alone",47
"along",50
"aloof",19
"aloud",13
"already",14
"also",123
"altar",1
"although",2
"altogether",8
"always",5
"am",169
"amaze",2
"amble",1
"ambling",1
"ambry",3
"ambush",3
"ambushment",1
"amend",1
"amended",2
"amid",1
"amidmost",2
"amidst",60
"amiss",16
"among",4
"amongst",50
"an",161
"ancient",14
"and",9826
"anear",1
"anew",3
"anger",9
"angle",2
"angled",1
"angrily",2
"angry",14
"anguish",17
"anigh",26
"ankle",2
"ankle-deep",1
"ankles",10
"anlace",2
"anon",17
"another",60
"another’s",1
"anselm",1
"answer",24
"answered",36
"answering",3
"ant-heap",1
"antony",4
"anxious",2
"anxiously",4
"any",141
"anyhow",2
"anyone",3
"anything",3
"anywhere",5
"anywise",5
"apace",2
"apart",11
"apothecary",1
"appear",1
"appearance",3
"appeared",1
"appeased",1
"apple",3
"apple-tree",6
"appleham",1
"apples",1
"appointed",2
"apprentices",4
"april",3
"apt",1
"arch",1
"arched",1
"archer",1
"archers",2
"archway",1
"are",143
"aright",2
"arise",9
"arisen",6
"arises",1
"arising",1
"arm",23
"armed",11
"armour",19
"armours",1
"arms",65
"army",1
"arnold",8
"arose",73
"around",11
"arouse",1
"arras",1
"array",9
"arrayal",2
"arrayed",3
"arrow",8
"arrows",11
"art",191
"arthur",147
"arthur’s",6
"artificers",1
"as",1342
"ash",1
"ash-staff",1
"ash-trees",1
"ash-wand",1
"ashamed",9
"ashen",2
"ashes",2
"ashlar",2
"ashore",16
"aside",17
"ask",64
"askance",1
"asked",36
"askest",1
"asking",11
"asleep",28
"aspect",14
"ass",7
"ass-leader",1
"assailants",1
"assault",3
"assuage",2
"assuaging",1
"assured",1
"assuredly",1
"ass’s",2
"astern",3
"astir",3
"astonished",2
"astray",2
"at",585
"ate",24
"athwart",6
"atra",135
"atra’s",9
"attested",1
"attire",8
"audrey",3
"aught",59
"august",2
"aumbry",1
"aurea",52
"aurea’s",6
"austin",1
"autumn",1
"avail",19
"availed",2
"availeth",3
"avails",1
"avenge",2
"avenged",1
"await",1
"awaited",1
"awaiteth",1
"awaiting",6
"awake",19
"awaken",1
"awakened",7
"awakening",5
"awakens",1
"awaketh",2
"awaking",1
"award",1
"aware",1
"away",147
"awfully",1
"awhile",18
"awoke",31
"axe",2
"aymeris",43
"aymeris’",1
"b",1
"babble",2
"babbled",2
"babbling",1
"babe",3
"babes",10
"babe’s",1
"baby",1
"baby’s",1
"back",243
"back-handed",1
"backs",3
"backward",2
"bad",5
"bade",63
"badest",1
"baffled",1
"bag",1
"bag-of-bones",2
"bag-o’-bones",1
"bairn",1
"bairns",1
"bait",1
"bake",1
"baking",1
"bale-fire",1
"balefully",1
"band",4
"bands",5
"bandy",1
"bane",4
"bank",11
"bank-side",1
"banks",1
"bann",1
"banned",5
"banners",1
"banquet",8
"bare",22
"bare-headed",1
"bared",5
"barefoot",8
"barely",2
"bargain",1
"barge",6
"baring",1
"barked",1
"baron",1
"barons",2
"baron’s",1
"barque",1
"barred",1
"barren",5
"barriers",1
"bars",5
"basecourt",1
"basket",7
"basnets",2
"bath",3
"bathe",3
"bathed",8
"bathing",2
"battered",1
"battering",1
"battle",20
"battle-coat",1
"battle-gear",1
"battlement",4
"battlements",2
"battles",1
"baudoin",59
"baudoin’s",3
"bawdekin",1
"bay",6
"be",976
"be-timbered",1
"beach",2
"beakers",1
"beam",1
"beams",3
"bear",51
"beard",1
"bearest",3
"beareth",2
"bearing",10
"beast",15
"beast-like",1
"beasts",17
"beast’s",1
"beat",15
"beaten",3
"beating",5
"beauteous",13
"beauteously",1
"beautiful",3
"beauty",25
"became",35
"because",82
"beckoning",1
"become",23
"becoming",1
"bed",39
"bed-gear",1
"bed-lane",1
"bedded",2
"bedding",1
"bedfellow",1
"bedight",2
"bedizenments",1
"beds",1
"bedthrall",1
"bee-skeps",1
"beech",2
"beef",1
"been",229
"bees",1
"beetle",1
"beetles",1
"beetling",1
"beeves",2
"befall",24
"befallen",9
"befalleth",1
"befel",1
"befell",20
"befitteth",5
"before",295
"began",50
"begemmed",1
"beget",1
"beggar’s",1
"begin",18
"beginneth",1
"beginning",17
"begins",7
"begone",4
"begrown",1
"begrudge",5
"beguile",2
"beguiled",3
"beguiling",1
"beguilings",1
"begun",6
"beheld",26
"behest",1
"behight",3
"behind",38
"behold",13
"beholden",1
"beholdeth",1
"beholding",1
"behoved",1
"being",23
"belated",3
"believe",7
"believed",3
"belike",70
"bellies",1
"belong",1
"beloved",15
"below",13
"belt",2
"belted",1
"bench",2
"benches",1
"bend",1
"bended",5
"bending",1
"beneath",9
"bent",25
"bent-grass",1
"bent-side",1
"bents",1
"berry-trees",2
"beseech",10
"beseeching",2
"beseechingly",1
"beset",9
"beside",41
"besides",7
"besmeared",1
"besought",2
"besprinkled",4
"best",41
"best-trusted",1
"bestead",5
"bestial",2
"bestowed",1
"betake",3
"betaken",1
"bethink",2
"bethought",3
"betid",21
"betide",18
"betided",1
"betimes",12
"betook",8
"betray",1
"betrayed",4
"betraying",1
"better",73
"bettered",1
"between",30
"betwixt",62
"bewail",1
"bewailed",2
"bewailing",2
"beware",5
"bewildered",4
"bewitched",1
"bewooed",1
"bewray",2
"beyond",23
"bicker",1
"bid",29
"bidden",15
"biddest",1
"biddeth",3
"bidding",22
"bide",1
"biding",1
"bier",3
"big",42
"big-boled",1
"big-made",1
"bigger",3
"bight",12
"bind",3
"birch-bush",1
"bird",6
"birdalone",857
"birdalone’s",55
"birds",12
"birds’",1
"bit",2
"bitches",2
"bite",3
"bites",1
"biting",1
"bitter",7
"bitter-sweet",2
"bitterly",3
"bitterness",2
"black",120
"black-clad",2
"black-haired",3
"blackbird",2
"blackbirds",2
"blade",7
"blame",4
"blamed",4
"blaming",1
"blare",1
"blaspheming",1
"blast",3
"bleached",1
"bleared",1
"bleating",3
"blended",1
"blent",6
"bless",3
"blessed",8
"blessing",4
"blessings",2
"blew",3
"blewest",1
"blinded",2
"blinds",1
"blinking",1
"bliss",1
"blithe",11
"blithely",1
"blood",35
"blood-offering",2
"blood-stauncher",1
"blood-staunching",1
"bloody",2
"bloom",1
"blooms",1
"blossom",7
"blossomed",6
"blossoming",2
"blossoms",3
"blotch",2
"blow",4
"blowing",2
"blown",2
"blue",23
"blue-eyed",1
"blue-flowered",1
"blue-flowering",1
"blue-grey",1
"blundered",1
"blush",1
"blushed",5
"blushes",1
"blushing",6
"board",16
"boarded",1
"boards",1
"board’s",1
"boastfully",1
"boat",128
"boats",1
"boat’s",3
"bodies",14
"bodily",1
"bodkin",1
"body",91
"bold",9
"boldest",1
"boldly",3
"boldness",1
"bole",5
"boles",3
"bonds",7
"bone",1
"bones",1
"bony",2
"book",4
"boon",8
"boot",3
"boots",1
"borders",1
"bore",33
"born",8
"borne",5
"borrowed",3
"bosom",31
"both",113
"bottom",6
"bough",2
"boughs",6
"bought",2
"boun",2
"bound",20
"bow",53
"bow-shots",1
"bowed",11
"bower",20
"bowers",2
"bowl",2
"bowman",1
"bowman’s",1
"bowmen",1
"bows",8
"bowshot",3
"bowshots",1
"box",3
"boy",3
"brace",1
"bracken",3
"brake",22
"brakes",1
"branch",2
"branches",2
"brand-new",1
"brandished",2
"brass",1
"brave",2
"braying",2
"breach",1
"bread",31
"break",10
"breakfast",3
"breaking",2
"breast",10
"breasts",2
"breath",10
"breathed",1
"breathing",2
"breathless",5
"breathlessly",2
"bred",2
"breed",2
"breeding",1
"breeze",2
"brethren",3
"briar-rose",1
"briars",1
"bridge",3
"bridges",1
"bridle-rein",1
"bright",28
"bright-gleaming",1
"bright-skinned",1
"brighten",1
"brightened",2
"brighter",1
"brightest",1
"brightly",3
"brightness",2
"brim",1
"bring",52
"bringeth",1
"bringing",2
"brings",1
"brisk",2
"briskly",1
"broad",12
"broad-shouldered",1
"brogues",1
"broider",1
"broidered",9
"broiderers",2
"broiderers’",1
"broidering",3
"broidery",6
"broke",9
"broken",16
"brook",16
"brook-side",1
"brooks",1
"brookside",1
"brook’s",1
"broth",1
"brother",12
"brothers",1
"brought",80
"brow",9
"brow-hair",1
"brown",9
"brown-flecked",1
"browned",2
"brows",6
"bruised",1
"brunt",1
"brushed",1
"buck",1
"bucklers",1
"budding",1
"buds",1
"buffets",1
"build",3
"builded",17
"building",2
"built",3
"bull",1
"bulwarks",1
"bundling",2
"burden",10
"burdens",1
"burgesses",2
"burgrave",1
"burgs",4
"burial",1
"burial-stone",1
"buried",4
"burn",4
"burned",5
"burning",8
"burns",1
"burnt",1
"burnt-down",1
"burst",2
"bury",2
"bush",7
"bushed",3
"bushes",4
"busied",1
"busiest",1
"business",4
"busk",1
"busy",10
"but",1773
"butt",1
"butter",2
"buttery",1
"buxom",3
"buy",11
"buzzed",1
"by",492
"bygone",3
"byre",2
"byrnied",1
"byrnies",1
"byway",2
"c",1
"cage",13
"cain",1
"caitiff",1
"caitiffs",6
"cakes",2
"call",31
"called",74
"calledst",1
"callest",4
"calleth",1
"calling",3
"calm",11
"calmer",2
"calmly",1
"came",482
"camest",6
"camp",1
"can",36
"candle",2
"candle-light",1
"candles",4
"cannot",16
"canons",3
"canst",30
"canvass",1
"captain",19
"captains",1
"captain’s",1
"captive",1
"captives",1
"captivity",13
"carcasses",1
"care",5
"cared",2
"careful",1
"carefully",3
"carefulness",1
"cares",1
"caress",5
"caressed",14
"caresses",4
"caressing",6
"caressingly",1
"caries",1
"carl",1
"carl-folk",1
"carle",22
"carles",12
"carline",12
"carlines",1
"carried",4
"carrion",1
"carry",4
"carrying",1
"carven",9
"carving",1
"case",15
"casket",1
"cast",57
"castaway",1
"castellan",29
"castellan’s",1
"casting",2
"castle",136
"castle-tops",1
"castles",2
"cat",4
"catch",10
"catching",1
"cate",1
"cates",1
"catherine",2
"cattle",1
"caught",20
"cause",13
"causeth",1
"caution",1
"cave",18
"cavern",1
"caverns",1
"cease",5
"ceased",2
"ceaseless",1
"cell",1
"certain",12
"certainly",2
"certes",6
"chaffer",2
"chain",4
"chained",4
"chains",6
"chair",12
"challenge",2
"chamber",47
"chamber-door",1
"chambers",7
"champion",2
"champions",26
"chance",7
"chances",1
"change",20
"changed",35
"changes",1
"changing",3
"chapel",5
"chapfallen",1
"chaplain",10
"chapman",2
"chapmen",5
"charcoal-burners",1
"charge",4
"charged",1
"charm",1
"chase",2
"chased",2
"chases",1
"chasing",1
"chastened",1
"chastise",7
"chastised",3
"chastisement",2
"chastising",1
"chattel",3
"chattered",1
"cheapeners",1
"cheaping-stead",1
"cheaping-town",4
"cheat",1
"checked",1
"cheek",13
"cheekbones",1
"cheeks",31
"cheer",16
"cheered",2
"cheerful",6
"cheerfully",1
"cheery",2
"cheese",9
"cherish",1
"cherished",2
"cherishing",2
"chid",1
"chief",4
"chiefest",1
"chiefly",3
"chiefs",1
"chieftain",2
"chieftains",2
"child",90
"childhood",2
"childish",1
"children",38
"chill",2
"chilled",1
"chimney",2
"chimneys",1
"chin",3
"chirrup",1
"choice",2
"choices",1
"choicest",1
"choir",1
"choked",1
"choose",9
"chose",2
"chosen",2
"christ",1
"chuckle",1
"church",4
"churl",1
"cider",2
"circle",1
"cities",1
"city",19
"clad",76
"clamour",1
"clang",1
"clash",2
"clashing",3
"clasp",1
"clasped",4
"clatter",3
"clattering",4
"clave",3
"clay",1
"clean",11
"clean-made",1
"clean-wrought",1
"clear",46
"clear-eyed",1
"clear-made",1
"clear-seeing",1
"clear-skinned",1
"cleared",8
"clearer",3
"clearing",4
"clearly",6
"clearness",1
"cleaving",1
"clee",1
"cleft",3
"clemming",1
"clenched",2
"clerkly",1
"clerk’s",1
"cliff",1
"cliff-wall",1
"cliff-walls",1
"climbing",1
"clipped",8
"clipping",3
"cloak",2
"cloister",1
"clomb",1
"close",42
"close-jointed",1
"closed",2
"closely",17
"closer",2
"closes",1
"closest",1
"cloth",10
"clothe",3
"clothing",1
"cloths",3
"clottered",1
"cloud",11
"cloudless",4
"clouds",6
"clout",2
"cloven",2
"clover",2
"clung",2
"clutch",1
"coal-blue",1
"coat",19
"coats",2
"cock",1
"coffer",14
"coffers",2
"coiled",2
"coined",1
"cold",6
"coldly",3
"coldness",1
"collar",7
"colour",13
"colourless",1
"colours",4
"come",389
"comely",2
"comers",1
"comes",18
"comest",6
"cometh",30
"comfort",13
"comfortable",1
"comforted",6
"comforting",1
"coming",69
"comings",3
"command",6
"commanded",1
"commands",1
"common",1
"commonly",1
"communed",1
"companies",1
"companions",1
"company",22
"compass",1
"compassion",5
"compel",7
"compelled",5
"compellest",2
"compelleth",1
"conceived",1
"concerning",29
"concerns",1
"condition",2
"conditions",2
"coney",1
"coneys",2
"confuse",1
"confused",14
"confusedly",3
"confusion",6
"consented",2
"consider",3
"considered",3
"considering",2
"constant",1
"constrained",3
"constrainest",1
"constraineth",1
"consuls",1
"contain",1
"contemned",1
"content",22
"contention",2
"contentment",2
"converse",11
"cooked",2
"cooking",4
"cooking-fire",1
"cooking-time",1
"cool",5
"coolness",1
"coot",1
"copper-coloured",1
"coppice",2
"copse",9
"copse-side",1
"copses",2
"cords",2
"corn",1
"corner",10
"corners",1
"corning",1
"corpse",3
"corpses",1
"correct",1
"corrected",1
"correction",1
"cossetting",1
"cot",11
"cote-hardie",1
"cots",1
"could",85
"couldst",3
"council",1
"council’s",1
"counsel",5
"counselled",1
"count",1
"counted",1
"countenance",23
"country",10
"country-side",9
"courage",2
"course",1
"courses",1
"court",3
"courteous",13
"courteously",5
"courtesy",6
"courtesy’s",2
"cousin",1
"covenant",1
"cover",13
"covered",13
"covering",2
"covert",4
"covertly",2
"covet",1
"coveteth",1
"coveting",1
"cow",2
"cowed",3
"cower",1
"cowered",2
"cows’",2
"crabbed",1
"cracked",1
"crackling",1
"craft",19
"crafts",25
"craftsmen",2
"crafty",1
"craggy",1
"crags",1
"crashing",1
"crave",27
"craved",8
"craving",2
"crawled",1
"crawling",1
"cream",5
"creature",11
"creatures",8
"creek",12
"creek-side",2
"creeping",2
"creeps",1
"crept",7
"crest",3
"cried",46
"cries",5
"cringed",2
"cringing",1
"croak",1
"croaking",1
"cropping",1
"cross",5
"crossed",3
"crossing",4
"crouched",2
"crow",2
"crow-black",1
"crowed",2
"crown",2
"crowned",3
"crows",1
"crow’s",1
"cruel",8
"crueller",1
"cruellest",1
"cruelly",2
"cruelty",5
"crumb",2
"crumbled",1
"crupper",1
"crushed",1
"cry",10
"crying",9
"crystal",1
"cumber",1
"cumbered",1
"cunning",1
"cunningest",1
"cup",13
"cups",1
"curd",1
"curiously",2
"curling",1
"curly",1
"curse",5
"cursed",4
"cursing",1
"curtain",1
"cushion",1
"cushions",6
"custom",4
"customs",1
"cut",6
"cuts",1
"cutting",2
"dabbled",1
"daffodil",1
"dagger",2
"daily",4
"dainties",3
"daintiest",3
"daintily",4
"dainty",13
"dainty-wrought",1
"dairy",1
"dais",16
"daisied",1
"dale",89
"dale-side",1
"dales",1
"dale’s",3
"dallied",1
"dally",1
"dame",42
"dame’s",2
"damned",1
"damsel",19
"damsel-errant",1
"damsels",18
"damsel’s",1
"dance",1
"danced",3
"dancing",2
"dapple-grey",1
"dare",8
"dared",1
"daring",3
"dark",25
"dark-haired",3
"darkened",1
"darkens",1
"darker",2
"darkest",2
"darkness",3
"darling",9
"darlings",1
"dashed",1
"dastard",1
"dastards",2
"daubed",1
"daughter",10
"daunted",1
"dawn",19
"dawning",1
"day",235
"day-dawn",1
"day-long",1
"daybreak",1
"daylight",7
"daylong",1
"days",135
"days’",8
"day’s",1
"dazed",1
"dazzled",1
"dead",63
"deadly",4
"deal",35
"dealing",5
"dealings",6
"deals",1
"dealt",4
"dear",131
"dear-bought",1
"dear-handed",1
"dearer",1
"dearest",6
"dearlings",1
"dearly",3
"death",45
"deaths",1
"debonair",5
"debtor",1
"deceitful",1
"decked",1
"declare",3
"declared",1
"deed",17
"deeds",7
"deem",89
"deemed",129
"deemest",11
"deemeth",2
"deeming",16
"deems",1
"deep",23
"deepened",2
"deeper",2
"deer",9
"deer-leather",1
"deer-skin",3
"deerskins",1
"defence",4
"defences",1
"defend",1
"deferred",1
"defied",1
"deft",10
"deftest",1
"deftly",5
"deftness",5
"delahaye",1
"delay",3
"delicate",3
"delicious",1
"delight",2
"deliver",12
"deliverance",7
"delivered",10
"deliverer",1
"delivereth",1
"demeanour",4
"den",2
"denied",2
"deny",1
"depart",43
"departed",27
"departing",2
"departure",21
"departures",1
"depth",1
"depths",2
"deputy",1
"desert",5
"deserved",2
"deservest",1
"desire",34
"desired",5
"desires",2
"desirest",1
"desireth",1
"desiring",2
"desirous",1
"desolate",1
"despair",2
"despite",22
"destroy",6
"destroyed",2
"destroyer",1
"destroying",1
"destruction",1
"determined",4
"device",3
"devil",7
"devilish",3
"devils",7
"devil’s",1
"devise",1
"devised",1
"devising",1
"devour",3
"devoured",1
"dew",1
"dews",1
"dewy",1
"did",194
"didst",24
"die",22
"died",19
"dieth",1
"differed",1
"difference",1
"different",1
"difficult",1
"dig",1
"digged",1
"digging",3
"dight",27
"dighted",2
"dighting",3
"diligence",1
"diligent",4
"diligently",2
"dim",7
"dim-eyed",1
"dimly",4
"dine",1
"dined",1
"dining",1
"dinner",8
"disappointed",1
"disarray",1
"disarrayed",2
"dish",2
"dishearten",1
"disheartened",1
"dishes",2
"dismal",3
"dismayed",4
"dismount",2
"disobey",2
"disobeyed",1
"displayed",2
"displeasure",1
"disport",4
"disported",1
"disporting",2
"distance",2
"distant",1
"distraught",3
"divers",6
"diverse",3
"diversely",2
"divined",3
"dizzy",1
"do",317
"doe",2
"doest",2
"doeth",2
"dog",3
"dog-wood",1
"dogging",1
"dogs",2
"doing",19
"doings",3
"dole",1
"dolts",1
"dominion",3
"don",1
"done",164
"doom",3
"doom-ring",3
"doomed",1
"door",48
"doors",4
"dost",32
"doth",12
"double",1
"doubt",29
"doubted",10
"doubteth",1
"doubtfully",4
"doubtless",10
"doughty",4
"doves",7
"down",361
"downcast",19
"downhearted",2
"downland",6
"downright",1
"downs",1
"downstairs",3
"downward",1
"dozen",2
"drag",3
"dragged",9
"dragging",1
"dragons",2
"drank",19
"draught",5
"draught-beast",1
"draughts",2
"drave",6
"draw",16
"drawbridge",1
"drawest",1
"draweth",1
"drawing",13
"drawn",16
"dread",11
"dreaded",1
"dreadful",1
"dream",11
"dreamed",4
"dreaming",1
"dreamless",2
"dreamlessly",2
"dreams",2
"dreary",4
"dregs",1
"drenched",1
"drew",99
"dried",2
"drifted",1
"drifting",1
"drink",37
"drinking",1
"drinks",2
"dripped",1
"dripping",1
"drive",5
"driven",4
"drives",1
"driveth",1
"driving",3
"drooped",2
"drooping",1
"drop",3
"dropped",3
"drown",3
"drowned",1
"drowsing",1
"drunk",10
"dry",9
"dry-eyed",2
"ducks",2
"due",19
"dug",2
"duke",1
"dukes",1
"dull",8
"dull-wit",1
"dull-witted",1
"dullness",1
"duly",6
"dumb",2
"dumbfoundered",1
"dun",3
"dungeon",1
"during",1
"durst",34
"dusk",14
"duskiness",1
"dusking",1
"dust",2
"dust-cloud",1
"dwarf-wrought",1
"dwell",19
"dwellest",1
"dwelleth",4
"dwelling",15
"dwelling-place",3
"dwellings",1
"dwells",1
"dwelt",22
"dwelt-land",1
"dwindled",1
"dying",4
"each",71
"eager",16
"eagerly",14
"eagerness",1
"eagle",1
"ear",7
"earl",3
"earl-folk",1
"earlier",6
"earliest",1
"earls",1
"early",17
"earn",7
"earned",2
"earnestly",5
"earneth",1
"ears",5
"earshot",3
"earth",54
"earthly",1
"earth’s",1
"ease",13
"eased",1
"easier",4
"easiest",1
"easily",12
"east",8
"eastern",4
"eastward",2
"easy",14
"eat",30
"eaten",7
"eating",4
"echo",2
"edge",20
"edge-friend",1
"edges",4
"egg",1
"egging",1
"eglantine",4
"eight",1
"either",41
"eke",2
"eked",5
"eking",1
"elbow",2
"elbows",1
"eld",2
"elder",8
"eldest",1
"elf",2
"else",73
"elsewhere",3
"elsewhither",2
"embraced",13
"embracing",2
"embroidered",2
"embroiderers",1
"embroideress",1
"emerald",1
"empty",8
"empty-handed",1
"encamped",1
"enchanted",1
"encompass",1
"encompassed",3
"encompasses",1
"end",66
"end-long",2
"endearing",1
"endearments",1
"ended",5
"ending",10
"endlong",1
"ends",8
"endure",5
"endured",3
"enduring",1
"enemies",1
"enemy",4
"enforced",6
"engender",1
"engines",2
"enheartened",1
"enheartening",1
"enmity",2
"enough",73
"enow",3
"ensnaring",1
"enter",22
"entered",28
"entering",3
"entrap",1
"entrapped",1
"entreat",2
"entry",3
"envenomed",1
"environed",1
"equal",1
"ere",84
"erewhile",5
"ern",1
"err",1
"errand",66
"errands",4
"erred",3
"erst",45
"escape",12
"escaped",10
"escaping",2
"especial",6
"especially",8
"espied",5
"espy",1
"estcliffe",1
"estrangement",1
"eve",3
"even",168
"evening",22
"eventide",2
"ever",114
"evermore",1
"every",36
"everyone",1
"everything",7
"everywhere",5
"evil",85
"evil-looking",1
"evilly",2
"evilshaw",32
"ewes’",2
"exceeded",1
"exceeding",26
"excellency",1
"excellent",2
"excellently",2
"excuse",1
"expected",1
"eye",9
"eye-shot",2
"eyebrows",2
"eyed",3
"eyeless",1
"eyelids",1
"eyen",4
"eyes",124
"eyot",36
"eyots",6
"e’en",14
"face",158
"faced",1
"faces",10
"facing",4
"faded",2
"faery",9
"fail",15
"failed",16
"failedst",1
"faileth",3
"failing",1
"failure",1
"fain",46
"fainer",2
"faint",7
"fainting",1
"faintly",4
"faintness",1
"fair",212
"fair-broidered",1
"fair-faced",1
"fair-weather",1
"fair-writer",1
"fairer",18
"fairest",7
"fairly",5
"fairness",4
"faith",1
"faithful",3
"faithfully",1
"fall",38
"fallen",13
"falling",10
"falls",1
"false",4
"falter",1
"faltered",4
"fame",2
"familiar",8
"famished",2
"famous",1
"fancy",1
"fangs",1
"far",54
"far-away",1
"far-fetched",1
"far-off",2
"far-seeing",1
"far-sighted",2
"fare",23
"fared",27
"fares",1
"farest",1
"fareth",1
"farewell",23
"faring",2
"farrow",1
"fashion",29
"fashioned",7
"fashions",1
"fast",24
"faster",3
"fastness",1
"fate",5
"fated",3
"fateful",1
"father",8
"father-kind",1
"fathers",4
"father’s",1
"fathom",1
"fault",2
"favour",3
"fawn",3
"fear",107
"feared",21
"feareth",2
"fearful",4
"fearless",1
"fears",4
"fearsome",1
"feast",11
"feasted",3
"feasting",1
"feasts",1
"feather-robe",1
"feathers",1
"february",1
"fed",8
"feeble",9
"feeding",3
"feel",9
"feeling",1
"feet",78
"feign",3
"feigned",4
"feigning",1
"fell",162
"fellow",12
"fellow-farer",2
"fellow-worker",1
"fellows",30
"fellowship",21
"fellow’s",1
"felon",1
"felons",5
"felt",40
"female",1
"fence",1
"ferry",39
"fertile",1
"fetch",25
"fetched",14
"fetches",2
"fetching",2
"fetter",1
"fetters",2
"feud",1
"feuds",1
"fever",1
"few",36
"few-spoken",7
"fewer",1
"fiddle-bow",1
"fie",2
"field",13
"field-folk",1
"fiend",1
"fiends",1
"fierce",26
"fiercely",6
"fierceness",1
"fiercer",1
"fifteen",5
"fifteenth",1
"fifth",7
"fifty",3
"fight",4
"fighting",2
"fighting-men",1
"fill",3
"filled",4
"fills",2
"find",80
"finders",1
"finding",3
"fine",25
"fine-eared",1
"finely",1
"finer",1
"finery",1
"finest",1
"finger",16
"finger-ring",2
"fingers",10
"finished",1
"finishing",1
"fire",16
"fire-steel",1
"fireless",1
"fires",1
"firm",5
"firmer",1
"first",153
"first-comers",1
"firstborn",1
"fish",7
"fished",1
"fishing",4
"fishing-gear",1
"fist",1
"fit",2
"fitted",1
"five",49
"five-and-forty",2
"fixed",1
"flagging",1
"flaggy",2
"flagon",1
"flamed",2
"flames",1
"flaming",1
"flank",3
"flanks",2
"flapping",1
"flash",2
"flashed",3
"flashing",5
"flask",5
"flasket",11
"flasks",1
"flat",1
"flat-breasted",2
"flaunting",1
"flavour",1
"fleck",1
"flecked",2
"flecks",1
"fled",9
"fledst",1
"flee",14
"fleeing",11
"fleest",1
"fleet-foot",3
"fleetness",1
"flesh",33
"flew",4
"flies",1
"flight",4
"flint",3
"flitted",2
"float",1
"floated",6
"floating",1
"flock",6
"flock-meal",1
"flocking",1
"flockmeal",1
"flood",8
"flooded",1
"floor",21
"floorless",1
"floors",1
"flourished",1
"flourishing",1
"flow",1
"flowed",3
"flower",4
"flower-crowned",1
"flowers",15
"flowery",7
"flowing",1
"flushed",20
"flushing",2
"fluttering",3
"fly",3
"flying",3
"flyting",1
"foe",7
"foeman",1
"foemen",5
"foes",3
"fog",1
"foiled",1
"foison",2
"fold",1
"folded",1
"folds",3
"folk",117
"follow",23
"followed",22
"following",9
"folly",9
"fondled",1
"fondling",1
"fondly",3
"fondness",1
"food",2
"foodless",1
"fool",20
"foolish",10
"foolishly",1
"foolishness",1
"fools",7
"fool’s",3
"foot",34
"foot-gear",4
"foot-prints",1
"foot-soles",2
"footgear",1
"footpace",1
"footprints",2
"footstep",1
"footsteps",3
"foot’s",1
"foot’s-pace",1
"for",1468
"forbade",1
"forbear",11
"forbid",7
"forbidding",5
"forbore",5
"forborne",1
"force",6
"ford",4
"fordable",1
"fordone",2
"fore-arm",1
"foreboded",1
"forebodings",1
"forecast",1
"foregather",1
"foregathered",1
"forego",2
"foregone",1
"forehead",5
"foreign",1
"foremost",2
"foreseeing",1
"forest",10
"foretell",1
"foretold",1
"forfeit",1
"forgat",6
"forgathered",1
"forget",9
"forgetting",3
"forgive",4
"forgiven",3
"forgiveness",3
"forgotten",11
"fork",1
"forlornness",1
"form",1
"formed",1
"forsaken",3
"forsooth",121
"forsworn",2
"forth",139
"forthright",1
"forthwith",5
"fortunes",1
"forward",24
"foster-brother",1
"fought",3
"foughten",3
"foul",4
"fouled",1
"foulness",2
"found",114
"fountain",1
"four",30
"four-square",1
"fourteen",1
"fourth",6
"fowl",5
"fox",1
"fragrance",3
"fragrant",4
"frail",2
"frame",2
"framed",2
"framing",1
"frank",11
"frank-looking",1
"franklins",1
"frankly",3
"fray",1
"free",20
"freedom",3
"freeing",1
"freely",5
"freer",1
"fresh",12
"fresh-coloured",1
"fresh-looking",1
"fresher",1
"freshness",1
"fret",1
"fretted",3
"fretting",1
"friday",1
"friend",107
"friendliness",4
"friendly",16
"friends",106
"friendship",5
"friendships",1
"friendship’s",1
"friend’s",3
"frighted",5
"frist",1
"fritillary",1
"fro",7
"from",583
"front",2
"frost",1
"frozen",1
"fruit",1
"fruited",1
"fruitful",1
"fruits",3
"fulfilled",2
"fulfilleth",1
"fulfilment",8
"full",63
"full-grown",1
"fuller",1
"fullness",1
"fully",4
"fumbled",2
"fumed",2
"fumigated",1
"fur",1
"furies",1
"furious",2
"furlong",4
"furnish",1
"furnished",1
"further",25
"furtherance",1
"furthered",1
"furthermore",11
"furthest",1
"fury",2
"gaily",4
"gain",7
"gained",1
"gainsaid",2
"gainsay",8
"gallant",3
"gallantly",1
"game",4
"gamesome",1
"gangrel",3
"garden",18
"garden-slopes",1
"gardens",3
"garland",5
"garlands",3
"garment",1
"garments",8
"garrison",1
"garth",3
"gasping",1
"gat",28
"gate",24
"gates",9
"gateward",1
"gateway",2
"gather",9
"gathered",16
"gathering",3
"gattest",3
"gaudy",2
"gaunt",1
"gave",63
"gavest",1
"gay",13
"gaze",2
"gazed",12
"gazing",12
"gear",13
"gemmed",1
"gems",6
"generous",1
"gentiles",2
"gentle",5
"gentleness",1
"gently",5
"geoffrey",8
"gerard",30
"gerardson",6
"gerardsons",6
"gerfalcons",1
"get",42
"getting",10
"ghastly",1
"ghost",1
"ghosts",3
"ghyll",1
"giants",4
"gibbered",1
"gibbering",1
"gibe",1
"gibes",2
"gibing",1
"gift",29
"gifts",7
"gilded",4
"giles",6
"gillyflowers",1
"gins",1
"gird",4
"girded",2
"girding",3
"girdle",25
"girdle-buckle",1
"girdle-pouch",1
"girdles",1
"girdlestead",2
"girl",1
"girt",7
"girt-up",1
"girth",1
"girths",1
"give",73
"given",33
"giveth",3
"giving",9
"glad",46
"gladden",1
"gladdened",2
"glade",5
"gladly",2
"gladness",4
"glance",2
"glanced",1
"glances",1
"glancing",2
"glare",1
"glared",1
"glass",3
"gleam",7
"gleam-gown",1
"gleamed",6
"gleaming",9
"gleaming-glittering",1
"glee",2
"gleed",1
"gleeds",1
"gleeful",1
"glided",8
"gliding",1
"glimmer",3
"glimpse",3
"glitter",4
"glitter-gown",1
"glittered",6
"glittering",2
"gloomily",1
"glooming",1
"glorified",1
"glorious",2
"gloriously",4
"glory",3
"glowed",2
"glum",1
"gnarled",1
"go",228
"go-by",1
"goat",3
"goat-skin",1
"goats",15
"goats’",1
"gobbet",1
"god",24
"god-speed",1
"goddess",5
"goddesses",1
"god’s",1
"goes",5
"goest",3
"goeth",9
"goggled",1
"going",53
"goings",5
"gold",40
"gold-adorned",1
"gold-clad",2
"gold-embroidered",1
"gold-sleeves",1
"golden",60
"golden-brown",1
"golden-hair",1
"golden-red",1
"gone",122
"good",169
"good-hap",1
"good-night",4
"good-will",4
"goodhap",2
"goodliest",1
"goodliness",4
"goodly",64
"goodly-towered",1
"goodmen",1
"goods",9
"gore",1
"gospel",1
"got",22
"gotten",23
"gown",61
"gown-hem",1
"gowns",2
"grace",8
"graceful",1
"graces",1
"gracious",2
"graciously",1
"grain",1
"grand",1
"grandchildren",2
"grandest",1
"grandly",1
"grant",5
"granted",3
"granting",1
"grapes",1
"grass",60
"grassed",6
"grassy",7
"grave",3
"gravel",2
"great",161
"greater",5
"greatest",2
"greatly",1
"greedily",1
"greedy",3
"green",132
"green-clad",3
"greenery",1
"greenford",37
"greenland",1
"greensward",26
"greenswarded",1
"greet",2
"greeted",7
"greeting",2
"greetings",1
"greets",1
"grew",39
"grey",37
"grey-eyed",1
"grey-headed",1
"grey-heads",1
"grey-nag’s",1
"greybeard",1
"greyhead",2
"greywethers",25
"grief",59
"griefs",2
"grieve",9
"grieved",16
"grievous",6
"grievously",3
"grim",11
"grimaces",1
"grimly",7
"grimness",1
"grind",1
"grinned",2
"grinning",2
"grizzle-haired",1
"grizzled",1
"grizzled-haired",1
"ground",41
"grout",1
"grovel",1
"grow",17
"groweth",2
"growing",11
"growling",1
"grown",38
"grows",1
"grudge",8
"grudging",3
"gruff",1
"gruffly",2
"guard",6
"guarded",1
"guarding",2
"guards",1
"guess",1
"guessed",1
"guest",13
"guested",1
"guestful",1
"guesting",3
"guests",1
"guest’s",1
"guidance",2
"guide",2
"guided",1
"guild",6
"guildhall",1
"guilds",1
"guile",12
"guileful",1
"guileless",2
"guiles",2
"guilt",6
"guilty",1
"guise",2
"gulf",2
"gullet",1
"gunwale",4
"gushed",1
"habit",1
"habundia",80
"habundia’s",11
"had",920
"hadst",10
"hag",1
"haggard",4
"hags",1
"hah",10
"hail",5
"hailed",2
"hair",44
"hairless",1
"hairs",4
"hairy",1
"hale",2
"haled",1
"half",37
"half-armed",1
"half-blind",3
"half-dead",2
"half-devil",1
"half-finished",1
"half-hidden",1
"half-minded",1
"half-score",1
"half-way",1
"hall",74
"hall-porch",1
"hall-windows",1
"hallings",1
"hallow",1
"hallowed",4
"hallows",1
"halter",1
"hamlet",1
"hand",269
"hand-inhand",1
"hand-kissing",1
"hand-shackles",1
"handed",2
"handfuls",2
"handier",1
"handiwork",2
"handle",2
"handled",4
"handling",2
"handmaid",1
"hands",132
"handy",4
"hang",1
"hang-dog-like",1
"hangeth",1
"hanging",13
"hangs",2
"hanker",1
"hap",5
"hapless",4
"happed",3
"happen",14
"happened",20
"happier",3
"happily",13
"happiness",5
"happy",51
"haps",3
"harboured",1
"hard",74
"hard-looking",1
"harden",1
"hardened",3
"hardening",1
"harder",2
"hardier",1
"hardiest",1
"hardihood",1
"hardily",1
"hardly",4
"hardness",2
"hards",1
"hardy",2
"hare-bells",2
"hares",1
"harm",7
"harmless",1
"harmony",1
"harness",1
"harp",5
"harsh",5
"hart",3
"harvest",3
"has",26
"hast",171
"haste",12
"hasten",1
"hastened",12
"hastening",1
"hastily",7
"hasty",2
"hat",1
"hate",7
"hated",1
"hateful",2
"hatest",2
"hateth",1
"hath",127
"hatred",2
"hauberk",11
"hauled",1
"haunt",4
"haunted",7
"haunteth",1
"haunting",1
"hauntings",2
"have",659
"haven",6
"having",11
"havings",1
"hawk-bright",1
"hawk-eyed",2
"hawk-eyes",2
"hawk-grey",1
"hawk’s",1
"hawthorn",1
"hawthorn-tree",1
"hawthorns",1
"hay",1
"hay-field",1
"haysel",2
"hazards",1
"haze",4
"hazel",3
"hazel-bush",1
"hazel-copse",1
"hazel-eyed",1
"hazelled",1
"hazy",1
"he",1056
"head",141
"head-burg",1
"headpiece",1
"heads",11
"heal",3
"healed",2
"healing",1
"health",1
"heap",3
"heaped",2
"hear",44
"heard",111
"heardest",1
"hearest",1
"heareth",2
"hearing",8
"hearken",30
"hearkened",14
"hearkening",8
"hearsay",1
"heart",216
"heart-sick",1
"heart-sickness",1
"heart-sore",1
"heart-whole",2
"hearth",6
"hearths",1
"heartily",5
"hearts",18
"heartsick",1
"heartsickness",1
"hearts’",1
"heart’s",3
"heat",1
"heather",1
"heaved",4
"heaven",6
"heavens",7
"heavier",2
"heavily",6
"heaving",1
"heavy",26
"heavy-footed",2
"heavy-hearted",1
"hedge",3
"heed",19
"heeded",12
"heedful",4
"heedfully",13
"heeding",1
"heedless",1
"heel",2
"heels",3
"hefted",1
"heights",1
"held",53
"hell",6
"helm",8
"helmed",1
"helms",1
"help",52
"helped",6
"helper",2
"helping",11
"helpless",7
"helplessness",1
"hem",2
"hems",1
"hen",1
"hence",16
"henceforth",6
"henceforward",4
"her",3249
"herb",3
"herbage",1
"herbs",2
"herd",3
"herding",1
"herdsman",1
"here",196
"hereabout",2
"hereabouts",1
"hereafore",1
"hereafter",11
"hereat",2
"hereby",3
"herein",29
"hereof",9
"hereon",1
"hereto",1
"heretofore",6
"herewith",1
"heritage",1
"hermit",2
"hermitage",1
"heron",1
"herons",1
"hers",13
"herse",5
"herseemed",4
"herself",146
"hewn",1
"hid",15
"hidden",15
"hide",10
"hideous",5
"hideth",1
"hiding",1
"high",34
"high-table",1
"higher",3
"highest",3
"hight",19
"highway",12
"hill",6
"hills",9
"hillside",1
"hilt",1
"him",586
"himseemed",1
"himself",31
"hind",5
"hinder",4
"hindered",3
"hindereth",1
"hindering",1
"hindrance",1
"hips",1
"hire",4
"hirelings",1
"his",531
"hist",1
"hit",1
"hither",70
"hitherto",5
"ho",3
"hoisted",1
"hold",98
"holden",2
"holding",11
"hole",1
"holiday",9
"holier",1
"hollow",5
"holly",2
"holpen",2
"holy",7
"homaging",1
"home",73
"home-riding",1
"homelike",1
"homely",1
"homestead",1
"homeward",1
"honest",2
"honey",4
"honey-coloured",1
"honeycomb",1
"honeycombs",1
"honeysuckle",2
"honour",20
"hood",3
"hook",1
"hook-nosed",2
"hooked",1
"hope",52
"hoped",1
"hopes",2
"hoping",1
"horn",12
"hornbeam",2
"horned",2
"horns",2
"horribly",3
"horror",1
"horse",55
"horse-hoofs",1
"horsed",5
"horseman’s",1
"horses",27
"horses’",1
"horse’s",4
"hosen",4
"host",9
"hostage",2
"hostel",1
"hostelries",1
"hostelry",2
"hosting",3
"hot",20
"hot-weather",1
"hotness",1
"hotter",1
"hottest",1
"hounds",1
"hour",48
"hours",37
"hours’",1
"hour’s",3
"house",208
"house-door",1
"house-life",1
"housed",1
"household",2
"housekeeping",1
"houseroom",1
"houses",11
"housewife",1
"hove",3
"how",243
"howbeit",1
"however",5
"howl",1
"howled",2
"howling",2
"howls",1
"howso",2
"howsoever",15
"huddled",1
"hue",7
"hues",1
"huge",15
"hugely",1
"hugh",85
"hugh’s",3
"human",2
"humble",4
"humbly",3
"hummed",1
"hundred",1
"hundreds",1
"hung",44
"hunger",11
"hunger-weary",1
"hungered",1
"hungry",6
"hunt",4
"hunted",2
"hunter",2
"hunters",2
"hunter’s",1
"hunting",2
"hunting-gown",1
"huntings",1
"huntress",1
"huntress’",1
"hurried",2
"hurry",1
"hurrying",5
"hurt",17
"husbandmen",1
"husbandry",1
"hush",3
"hushed",8
"husky",1
"hutch",2
"i",2120
"ice",1
"icy",1
"idle",3
"if",600
"ill",41
"ill-conditioned",1
"ill-content",3
"ill-covered",1
"ill-favoured",1
"ill-going",1
"ill-looked",1
"ill-omened",2
"ill-pleased",2
"ill-saying",1
"ill-shapen",1
"image",36
"imagery",1
"images",11
"imagined",1
"imaginer",1
"imaginings",2
"import",7
"impudence",1
"impudent",2
"imputed",1
"in",1491
"incense",1
"inch",1
"inclined",1
"incomings",1
"increase",24
"increased",2
"indeed",87
"ingate",1
"inkling",6
"inland",1
"inlet",1
"inmost",4
"inner",1
"innermost",3
"innocent",2
"instant",1
"instead",3
"intent",2
"intently",1
"intertwined",1
"into",382
"inward",1
"inwardly",3
"irk",1
"irked",5
"irksome",1
"iron",4
"irons",4
"is",846
"island",2
"isle",100
"isles",16
"issued",1
"it",1820
"its",75
"itself",13
"ivory",3
"jack",1
"jacks",1
"jacobus",6
"jangling",1
"jaws",4
"jealous",1
"jeer",1
"jeering",3
"jest",1
"jewel",5
"jewels",2
"jingle",1
"jingling",1
"join",4
"joined",4
"joining",2
"jostling",1
"journey",16
"journey’s",4
"jovial",1
"joy",71
"joyance",4
"joyful",3
"joyfully",2
"joyous",13
"joyously",4
"joys",1
"judges",1
"judgment",3
"july",1
"june",8
"junkets",1
"just",33
"kale-blade",1
"keel",9
"keen",6
"keen-eyed",1
"keener",1
"keenest",2
"keenly",3
"keep",46
"keepers",1
"keepeth",3
"keeping",4
"keepsake",3
"keg",1
"kept",20
"kestrel",1
"key",6
"key-trees",1
"keys",2
"kicked",1
"kilted",1
"kin",1
"kind",96
"kinder",2
"kindest",5
"kindle",1
"kindled",2
"kindly",50
"kindness",30
"kindred",7
"kindreds",2
"kine",14
"king",16
"kingdoms",1
"kings",10
"kings’",1
"king’s",4
"kinned",2
"kinsfolk",1
"kinsman",1
"kinswoman",2
"kinswomen",1
"kiss",25
"kissed",105
"kisses",6
"kissing",19
"kite",1
"kites",1
"kith",1
"knee",10
"knee-deep",2
"kneel",6
"kneeled",1
"kneeling",2
"knees",18
"knelt",42
"knew",115
"knewest",1
"knife",18
"knight",177
"knighthood",7
"knightly",3
"knights",26
"knight’s",14
"knit",10
"knitted",3
"knitting",2
"knocked",1
"knocks",1
"knoll",8
"knolls",2
"knot",2
"knots",3
"know",144
"knowest",14
"knoweth",8
"knowing",2
"knowledge",3
"known",14
"knows",4
"lace",1
"laced",1
"laces",1
"lack",12
"lacked",13
"lackest",1
"lacking",6
"lacks",1
"lad",21
"laded",1
"laden",2
"ladies",42
"ladies’",1
"lading",2
"lads",3
"lady",170
"lady-witch",2
"lady’s",6
"lad’s",1
"lagged",2
"laid",73
"lain",6
"lair",3
"lake",44
"lake-faring",1
"lake-side",1
"lakeside",1
"lakeward",1
"lakewards",1
"lamb’s",1
"lament",1
"lamentable",3
"lamentation",3
"lamentations",3
"lamented",6
"lamenting",5
"land",87
"land-wights",1
"landed",2
"landing",1
"landing-place",2
"landing-plain",1
"landing-stair",1
"landless",4
"lands",9
"landward",6
"landward-looking",1
"landwights",1
"land’s",1
"languishing",1
"lank",3
"lantern",4
"lap",3
"laps",1
"lapse",1
"lark",1
"lashes",1
"last",162
"lasted",3
"lastly",5
"latch",4
"late",8
"later",6
"latin",1
"latten",2
"latter",6
"laugh",4
"laughed",75
"laughest",1
"laughing",20
"laughter",9
"law",1
"lawful",1
"lawfully",1
"lawn",2
"lay",116
"layeth",1
"laying",1
"lays",1
"lazy",1
"lea",6
"lead",33
"leaden",1
"leader",1
"leading",11
"leads",2
"leaf",1
"leafage",1
"league",1
"leaguer",2
"lean",2
"leaned",2
"leaning",1
"leaping",1
"leapt",12
"learn",12
"learned",28
"learning",5
"leash",2
"least",52
"leather",1
"leave",60
"leaves",13
"leaveth",1
"leaving",7
"led",55
"lee",1
"leech",2
"leechcraft",1
"leechdoms",1
"leeward",2
"left",90
"leg",6
"leg-shackles",1
"legs",23
"leisure",2
"leisurely",2
"leman",1
"lend",5
"lendings",2
"length",4
"lent",4
"leonard",53
"less",60
"lesser",1
"lesson",10
"lest",53
"let",130
"let-pass",1
"lets",1
"letted",1
"letters",1
"lettest",2
"letting",1
"level",5
"lewd",1
"liberties",1
"licorous",2
"lid",1
"lie",27
"liefer",3
"lies",7
"liest",3
"lieth",14
"life",81
"life-days",2
"lifelong",1
"lift",2
"lifted",15
"lifting",5
"light",41
"light-flying",1
"light-foot",1
"light-hearted",2
"light-mindedly",1
"lighted",15
"lightened",1
"lighter",6
"lightest",1
"lightfoot",1
"lighting",1
"lightly",24
"lightning",3
"like",128
"like-minded",1
"liked",3
"likely",1
"liken",1
"likeness",4
"liketh",1
"likewise",1
"liking",2
"lilies",3
"lily",1
"lily-and-rose",1
"lily-lass",1
"limb",4
"limbs",19
"lime",1
"linden-tree",1
"line",3
"lineage",1
"linen",4
"lingered",2
"links",1
"lip",12
"lip-beard",1
"lips",29
"liquor",2
"listen",1
"listless",1
"lit",1
"lithe",1
"litten",1
"little",412
"little-hearted",1
"live",25
"lived",13
"livelihood",14
"livelihoods",1
"lives",6
"liveth",2
"living",13
"lizards",1
"lo",49
"load",1
"loaded",1
"loaf",2
"loathed",2
"loathing",4
"loathly",1
"loathsome",4
"loaves",1
"lock",6
"locked",1
"locks",1
"lodged",2
"lodging",3
"log",1
"logwood",1
"loin-girdle",1
"loins",6
"loitered",2
"loitering",1
"lone",1
"loneliness",1
"lonely",8
"lonesome",2
"long",189
"long-chinned",1
"long-hoary",1
"longed",18
"longer",48
"longest",4
"longing",37
"longings",2
"longs",1
"look",102
"looked",261
"lookest",5
"looketh",1
"looking",40
"looks",2
"loose",18
"loosed",3
"loosen",2
"loosened",3
"lord",28
"lordly",2
"lords",36
"lordship",2
"lords’",2
"lord’s",1
"lore",8
"lose",11
"loss",10
"lost",23
"lot",4
"loth",9
"loud",10
"loudly",1
"louis",1
"lousy",1
"louted",1
"love",187
"love-making",1
"loved",37
"lovelier",3
"loveliness",12
"loveling",4
"lovelings",6
"lovely",52
"lover",10
"lovers",12
"loves",16
"lovesome",5
"lovest",8
"loveth",9
"love’s",1
"loving",10
"loving-kindness",6
"lovingly",5
"low",24
"lower",7
"lowing",5
"lowly",1
"lucia",1
"luck",10
"lulled",1
"lump",3
"lurk",1
"lurking",2
"lust",2
"lying",30
"mad",3
"made",133
"madness",1
"maid",5
"maiden",51
"maidenhood",2
"maidens",10
"maiden’s",4
"maids",2
"mail",4
"main",7
"mainland",5
"maintain",1
"maintained",1
"majesty",4
"make",81
"makes",1
"makest",1
"maketh",2
"making",17
"male",1
"malefactors",1
"malice",8
"mallard",1
"man",207
"man-at-arms",2
"man-beast",1
"man-child",1
"man-folk",2
"man-like",1
"man-slayer",1
"manacles",1
"manchet",1
"manes",1
"manfolk",1
"manhood",4
"manifest",3
"manlike",2
"manly",1
"manner",16
"manners",2
"many",110
"manywise",1
"man’s",14
"mar",1
"marble",3
"march",2
"marches",2
"mariners",4
"mark",3
"marked",1
"market",6
"market-folk",1
"market-place",3
"market-wains",1
"marketings",1
"markets",1
"marred",1
"marriage",2
"marvel",8
"marvelled",9
"marvellous",3
"masons",1
"mass",2
"masses",3
"master",25
"master-thought",1
"master-work",1
"mastered",2
"masterful",2
"masterfully",1
"masters",6
"mastery",1
"master’s",1
"mate",6
"mateless",1
"mates",2
"mate’s",1
"matin-song",1
"matins",1
"matter",31
"mattered",1
"matters",28
"mattock",1
"maul",1
"may",368
"may-happen",1
"may-tide",1
"maybe",36
"mayest",18
"mayhappen",12
"mayor",7
"mayst",63
"maze",2
"mazer",2
"mazes",1
"me",971
"mead",10
"meadow",39
"meadow-land",4
"meadow-plain",1
"meadow-saffron",1
"meadow-sweet",4
"meadows",20
"meads",7
"meagre",1
"meal",6
"meal-tub",1
"meal’s",1
"mean",7
"meanest",2
"meaneth",1
"meaning",2
"means",9
"meant",12
"meantime",2
"meanwhile",23
"measure",5
"measureless",2
"measurely",1
"meat",27
"meat-bringer",1
"meat-fetcher",2
"meat-fetching",1
"meats",3
"meddle",4
"meddled",8
"medlar",1
"meek",8
"meekly",3
"meekness",1
"meet",62
"meeting",15
"melody",3
"melting",1
"memories",1
"memory",19
"men",152
"men-at-arms",22
"men-folk",1
"mended",1
"mending",1
"men’s",3
"merchants",1
"merciful",3
"merciless",2
"mercy",7
"mere",15
"merely",1
"merrier",6
"merriest",1
"merrily",19
"merriment",1
"merry",50
"meseemed",6
"meseemeth",40
"meseems",16
"message",1
"messenger",9
"messengers",5
"met",44
"metal",2
"methinks",2
"methought",3
"mickle",2
"mid",1
"mid-june",1
"mid-leg",1
"mid-morning",1
"middle",10
"middle-age",2
"middling",2
"midnight",2
"midst",5
"midsummer",4
"mien",2
"might",424
"mightest",9
"mightier",1
"mightily",3
"mightiness",1
"mighty",14
"might’st",1
"milch-beast",1
"milch-goats",1
"milch-kine",1
"mild",1
"milder",1
"mile",6
"miles",10
"mile’s",1
"milk",23
"milk-white",2
"milked",1
"milking",4
"milking-pail",1
"millers",1
"mind",112
"minded",8
"minds",4
"mine",79
"mingled",7
"minished",2
"minorites’",1
"minster",1
"minstrel",3
"minstrels",1
"minstrelsy",1
"minute",18
"minutes",5
"minutes’",1
"mirror",3
"mirth",2
"miscarried",1
"mischief",2
"misdeeds",1
"misdoer",1
"misdoubt",1
"misdoubted",3
"misdoubteth",1
"miserable",1
"miserably",5
"misery",6
"misgave",1
"mishandled",2
"mishandling",2
"mishap",3
"mishaps",1
"miss",5
"missed",5
"missing",1
"mist",11
"mistress",60
"mistress’s",2
"moaned",3
"moaning",2
"mock",9
"mocked",3
"mockery",4
"mocking",4
"mockingly",3
"mocks",1
"moment",25
"money",14
"monster",1
"month",8
"months",9
"months’",1
"mood",10
"moodiness",2
"moods",1
"moody",4
"moon",15
"moon-lit",1
"moonless",2
"moonlit",1
"moons",1
"moor-hen",1
"more",307
"moreover",57
"morn",10
"morn-dusk",1
"morning",63
"morning-tide",1
"morrow",35
"morrow’s",2
"morsel",11
"mortal",3
"mossy",1
"most",51
"most-like",1
"mostly",7
"mostwyke",4
"mote",8
"mote-house",2
"moth-eaten",1
"mother",63
"mother-naked",1
"mothers",1
"mother’s",5
"mould",1
"mouldy",1
"mound",1
"mount",3
"mountain",9
"mountain-folk",1
"mountain-land",1
"mountain-men",2
"mountains",20
"mounted",5
"mourners",1
"mourning",1
"mouse-ear",2
"mouse’s",1
"mouth",39
"mouthful",1
"mouthpiece",1
"move",13
"moved",22
"moves",1
"moving",5
"much",158
"much-besweated",1
"much-tarrying",1
"much-twisted",1
"multitude",2
"murder-council",1
"murmur",2
"murmured",3
"murmuring",2
"music",6
"musicians",1
"must",204
"muster",1
"muttered",5
"muttons",1
"my",675
"myself",41
"nag",1
"nail",2
"nailed",1
"naked",41
"naked-skinned",1
"nakedness",8
"name",20
"named",2
"nameless",2
"names",3
"nape",1
"narrow",7
"narrow-eyed",1
"narrow-hipped",1
"narrowed",2
"narrowest",2
"natheless",1
"nature",2
"nay",130
"naysaid",4
"naysay",6
"naysayeth",1
"near",14
"nearby",1
"neared",3
"nearer",4
"nearest",1
"nearing",3
"nearly",1
"neat",5
"neb",3
"neck",29
"need",53
"needed",11
"needest",8
"needeth",5
"needful",5
"needle",4
"needle-woman",1
"needlework",5
"needs",77
"neighbour",3
"neighbourly",1
"neighbours",4
"neighbours’",1
"neither",52
"ness",4
"nesses",1
"nest",1
"nestled",2
"nestling",1
"nether",1
"never",91
"nevertheless",13
"new",52
"new-builded",2
"new-comer",13
"new-comers",4
"new-gained",2
"new-thrust-up",1
"newcomer",1
"newel",1
"newfound",1
"newly",1
"newness",1
"news",1
"next",65
"nibblers",1
"nicely",3
"nicholas",1
"nick",1
"niggard",1
"nigh",43
"nigher",20
"nighest",4
"nighness",1
"night",100
"night-harbour",1
"night-long",3
"night-season",1
"night-tide",3
"nightfall",3
"nightingales",2
"nightmares",1
"nights",2
"night’s",1
"nimble",1
"ninth",1
"no",427
"noble",6
"nobles",3
"nobly",1
"nock",2
"nocked",4
"nodded",12
"nodding",1
"noise",8
"noiseless",2
"noisy",1
"none",75
"nonetheless",1
"nook",5
"nooks",2
"noon",29
"noon-tide",1
"noontide",1
"nor",140
"north",9
"north-away",1
"north-east",4
"northern",4
"northward",2
"northwest",1
"nose",8
"noseling",1
"nostrils",1
"not",1117
"notary",1
"note",10
"noted",21
"noteworthy",1
"nothing",37
"notwithstanding",1
"nought",245
"nourished",1
"november",1
"now",854
"nowhere",6
"nowhither",2
"nowise",22
"numbers",1
"nurse",1
"nuts",1
"o",57
"oaf",1
"oak",26
"oak-boughs",1
"oak-chaplet",1
"oak-clad",1
"oak-glades",1
"oak-leaves",1
"oak-tree",4
"oak-trees",2
"oak-wreath",2
"oaken",2
"oakland",1
"oaks",1
"oar",1
"oarless",2
"oath",9
"obedience",2
"obedient",3
"obeisance",5
"obey",12
"obeyed",2
"obsequies",1
"occasion",18
"october",1
"of",3562
"off",125
"offence",1
"offer",5
"offered",5
"office",1
"offing",4
"oft",31
"often",6
"oftener",2
"oftenest",2
"of’",1
"oh",4
"old",107
"older",7
"oldest",2
"oldish",1
"oliphant",2
"on",998
"once",114
"one",338
"ones",16
"ones’",1
"onfall",1
"only",41
"onset",1
"open",31
"open-eyed",1
"open-handed",1
"opened",22
"opening",3
"openly",2
"oppressed",5
"oppressor",1
"or",417
"orchard",14
"orchards",1
"ordained",1
"order",2
"ordered",3
"ort",2
"osiers",1
"osprey",1
"other",188
"others",60
"othersome",1
"otherwhere",3
"otherwhiles",1
"otherwise",24
"other’s",4
"otter",8
"ouch",1
"ouches",1
"our",300
"ours",8
"ourselves",11
"out",374
"out-a-doors",4
"out-a-gates",15
"out-gate",1
"out-gates",1
"out-gone",1
"out-house",1
"outboard",1
"outcast",4
"outer",2
"outermost",1
"outgoing",1
"outgoings",1
"outhouse",1
"outlandish",1
"outlaw",1
"outright",4
"outrun",1
"outside",1
"outskirts",2
"outstretched",1
"outthrusting",1
"outward",3
"over",251
"over-anxious",1
"over-bold",1
"over-clear",2
"over-easily",1
"over-happy",2
"over-heavy",1
"over-kind",1
"over-light",1
"over-long",2
"over-meek",1
"over-much",6
"over-near",1
"over-nigh",1
"over-run",2
"over-sweet",1
"over-thwart",2
"over-weary",1
"over-well",1
"over-wise",1
"over-wrought",1
"over-young",1
"overboard",3
"overcame",5
"overcast",3
"overcome",13
"overcometh",1
"overfast",1
"overgo",1
"overgrown",2
"overhauling",1
"overhead",5
"overhung",1
"overloud",1
"overmaster",1
"overmastered",1
"overmuch",15
"overslept",1
"overtake",2
"overthrown",2
"overtook",1
"overwhelmed",1
"owe",2
"owls",1
"own",80
"o’clock",1
"pace",3
"paced",3
"paces",5
"pacing",3
"packs",1
"padding",1
"paddled",1
"page",1
"paid",4
"pail",1
"pain",18
"pained",1
"pains",1
"paint",1
"painted",4
"painting",1
"pair",4
"palace",4
"pale",40
"pale-faced",1
"paled",4
"paler",1
"palfrey",10
"pall",2
"palm",5
"palms",5
"palsy",1
"pan",1
"pang",4
"pannier",2
"panniers",1
"panting",4
"paradise",3
"parched",1
"pardon",23
"pardoned",1
"park",2
"part",66
"partaker",1
"partakers",1
"parted",9
"parting",5
"partly",8
"parts",7
"pass",29
"passage",1
"passed",28
"passing",5
"passion",9
"past",28
"past-master",1
"pastimes",1
"pasture",1
"pastures",1
"patching",1
"path",8
"paths",1
"patience",7
"patient",1
"patiently",1
"patting",2
"paved",1
"pavement",2
"pavilion",8
"pay",10
"payment",1
"peace",39
"peaceable",1
"peaceful",5
"peacefully",3
"pear",2
"pearl",8
"pearled",1
"pearls",1
"pedant",1
"peered",1
"peering",2
"peevish",1
"peevishly",2
"penance",2
"penniless",1
"pennons",3
"pensive",2
"people",14
"peradventure",2
"perchance",28
"perforce",4
"peril",36
"perilous",11
"perils",2
"perish",2
"perished",2
"perplexed",2
"perron",11
"perry",1
"pertained",1
"pestilence",1
"peter",3
"picked",2
"picture",6
"pictured",1
"pictures",1
"piece",13
"piecemeal",1
"pieces",1
"pikes",1
"piled",1
"pilgrimage",1
"pillar",8
"pillared",2
"pillars",7
"pillow",5
"pillows",1
"pin",1
"pinch",1
"pinching",1
"pine",3
"pined",3
"pining",2
"pinnacles",1
"pious",1
"pipe",1
"pitched",2
"piteous",5
"piteously",6
"pitied",4
"pitiful",1
"pitifully",3
"pitiless",2
"pity",24
"place",80
"places",9
"plague",1
"plain",22
"plainer",1
"plainly",1
"plains",2
"plashed",3
"plates",1
"platter",1
"platters",1
"play",20
"played",6
"players",1
"playing",11
"playmates",1
"plead",2
"pleasance",6
"pleasant",11
"pleasantly",2
"please",5
"pleased",11
"pleases",1
"pleaseth",1
"pleasure",41
"pledge",3
"plenished",1
"plenishing",1
"plenteous",9
"plenteously",4
"plentiful",1
"plenty",5
"plight",8
"plinlimmon",1
"plough",1
"ploughed",1
"pluck",5
"plucked",8
"plump",1
"plunged",2
"point",14
"pointed",6
"pointing",1
"poison",4
"poison-jar",1
"poisonous",1
"pole",2
"polished",4
"pomp",2
"ponder",2
"pondered",4
"pondering",6
"pool",8
"poor",30
"poor-wife",9
"poor-wife’s",1
"porch",5
"portcullis",1
"porte",7
"portend",1
"porter",1
"possessed",1
"possession",1
"possessions",1
"postern",2
"potherb",2
"potherbs",1
"pouch",13
"poulaine",1
"poured",1
"pouring",1
"poverty",1
"power",5
"praise",9
"praised",10
"praises",1
"praising",2
"prattle",2
"prattling",1
"pray",67
"prayed",9
"prayer",4
"prayers",3
"praying",1
"prays",1
"precious",4
"prelates",1
"present",14
"presented",1
"presently",106
"press",1
"pressed",4
"pretence",1
"pretty",6
"prevail",5
"prevailed",2
"prevent",1
"prey",3
"price",10
"pricked",2
"pride",5
"priest",39
"priest’s",3
"print",1
"prior",3
"prison",17
"prison-chamber",2
"prison-house",1
"privet-white",1
"privily",5
"privy",3
"prize",4
"prized",1
"process",1
"proclaimed",1
"promise",8
"promised",6
"proof",1
"proper",2
"propped",1
"prosperously",1
"proud",15
"prouder",2
"proudful",1
"proudly",2
"proved",1
"proven",1
"provide",1
"provided",1
"provision",2
"prow",1
"prudence",1
"prudent",1
"pry",2
"pulled",2
"pullest",1
"punish",4
"punishing",1
"punishment",2
"purblind",1
"pure",1
"purple",3
"purpose",8
"purvey",1
"purveyed",1
"push",1
"pushed",2
"pushing",2
"put",60
"putting",1
"quagmires",1
"quail",1
"quaked",10
"quaking",12
"quarrel",2
"quarry",4
"quarter",4
"quartering",1
"quavering",3
"quavers",1
"quean",1
"queans",5
"queen",12
"queens",6
"quelled",1
"quenched",1
"quenching",1
"quern",1
"quest",86
"questing",1
"question",14
"questioned",1
"questions",9
"quest’s",2
"quick",6
"quick-witted",1
"quicken",3
"quicken-beam",1
"quicken-tree",1
"quickened",4
"quickening",1
"quiet",8
"quieter",1
"quietly",16
"quince",1
"quit",3
"quite",5
"quits",1
"quiver",19
"quivered",5
"quivering",3
"quoth",42
"rabbit",1
"rabbits",9
"race",4
"rag",3
"rage",4
"ragged",4
"raging",1
"rags",1
"rail",1
"railing",1
"raiment",61
"rain",7
"raise",5
"raised",22
"raisins",1
"ran",55
"random",1
"rang",2
"ranks",1
"ransacked",1
"ransacking",1
"ransom",3
"ransoming",1
"rashly",2
"rated",1
"rathe",1
"rather",33
"rattling",2
"raven-wine",5
"ravens",2
"ravished",2
"re-do",1
"reach",9
"reached",20
"reaching",2
"read",4
"readily",1
"ready",20
"real",1
"realm",2
"reap",2
"reaping",2
"rear",1
"reared",4
"rearing",1
"reason",2
"reasons",1
"rebel",1
"rebelled",1
"rebuked",3
"received",5
"reckoned",3
"recourse",1
"recover",1
"red",134
"red-haired",2
"red-sheathed",1
"reddened",24
"reddening",1
"rede",36
"redeless",2
"redes",2
"redo",1
"reed",2
"refrain",15
"refrained",8
"refraining",2
"reframed",1
"refresh",2
"refreshed",2
"refreshing",1
"reft",1
"refuge",1
"refuse",1
"regard",3
"rein",8
"reined",4
"reivers",1
"rejoice",10
"rejoiced",6
"rejoiceth",1
"rejoicing",1
"relic",1
"relics",1
"religion",6
"religious",1
"remedy",8
"remember",14
"remembered",4
"remembers",1
"remnant",4
"remnants",2
"rendered",1
"rendeth",1
"rent",2
"rents",1
"repented",1
"reproach",1
"reproached",1
"required",2
"rescue",1
"rescued",1
"rescuer",1
"rescuing",1
"resort",2
"rest",45
"rested",13
"restful",2
"resting",2
"restless",5
"restlessness",1
"return",10
"returned",1
"returning",1
"revived",1
"reward",8
"rewarded",2
"ribalds",3
"ribs",2
"rich",9
"richest",2
"rid",1
"ridden",5
"riddle",1
"ride",24
"rider",1
"riders",1
"rides",1
"ridge",1
"ridges",3
"riding",18
"riding-reek",1
"ridings",1
"right",58
"rightly",3
"rim",2
"ring",43
"ring-bearer",1
"ring-mail",1
"rings",8
"riotous",1
"ripple",17
"rippled",2
"rippling",4
"rise",8
"risen",2
"riseth",1
"rising",8
"risk",6
"rites",1
"riven",3
"river",12
"river-side",1
"road",45
"roadless",1
"roads",1
"roam",2
"roan",1
"roar",1
"roared",2
"robbing",1
"robert",9
"rock",18
"rock-land",1
"rocks",13
"rocky",7
"rod",2
"rode",51
"rods",2
"roe",3
"rolled",2
"rolling",4
"roman",1
"romans",1
"rood",3
"roof",9
"roofed",1
"roofless",1
"roofs",3
"room",1
"roomy",1
"root",2
"roots",1
"rope",1
"rose",43
"rose-leaf",1
"rose-wreath",1
"roses",6
"rosy",3
"rosy-tinted",2
"rough",12
"roughened",1
"rougher",1
"roughly",5
"roughness",1
"round",34
"rounded",3
"rounder",3
"roundness",1
"rouse",1
"roused",1
"rout",4
"rovers",1
"row",2
"rowed",1
"rowing",1
"rubbed",1
"rubbing",1
"rudder",1
"ruddier",1
"ruddiness",1
"ruddy",2
"rude",1
"rue",4
"rued",4
"rueful",1
"ruefully",5
"rueing",1
"rugged",4
"ruin",4
"ruined",4
"ruinous",1
"rule",3
"ruled",1
"ruling",1
"rumbleth",1
"rumbling",1
"rumour",1
"run",30
"runagates",1
"runaway",2
"running",25
"rush",1
"rushes",1
"rushing",2
"rusted",1
"rustle",1
"rustling",4
"rusty",1
"sacrifice",3
"sad",7
"sad-faced",1
"sadden",1
"sadder",2
"saddle",18
"saddle-bags",1
"sadly",6
"sadness",2
"safe",21
"safe-conduct",1
"safeguard",1
"safely",5
"safer",2
"safest",1
"safety",2
"saffron",1
"sage",2
"said",1195
"saidst",3
"sail",8
"sailing",1
"sailless",2
"sailors",1
"sails",1
"saint",2
"saints",4
"saith",7
"sake",16
"sallet",13
"sallets",2
"salt",1
"salvation",2
"same",41
"same-like",1
"samplings",1
"sand",6
"sandal-shoon",2
"sandalled",2
"sandy",7
"sang",6
"sank",6
"sapling",1
"saplings",1
"sapphire",3
"saracen",1
"sat",124
"satisfied",1
"savage",1
"save",170
"saved",9
"saving",4
"saw",238
"sawed",1
"sawest",6
"sax",4
"say",118
"sayest",27
"sayeth",4
"saying",11
"says",1
"sayst",1
"scabbard",1
"scaffold",1
"scanned",1
"scant",1
"scantier",1
"scantly",2
"scanty",2
"scarce",91
"scare",3
"scared",8
"scares",1
"scarlet",4
"scarlet-clad",1
"scathe",5
"scathes",1
"scattered",4
"scattering",2
"scent",4
"scholar",1
"school",1
"scissors",1
"scorched",1
"score",22
"scored",1
"scorn",4
"scornfully",2
"scourged",1
"scowled",3
"scowling",3
"scrambled",1
"scratch",1
"scratched",1
"screamed",1
"screaming",2
"scree",1
"screen",5
"screens",1
"screes",2
"scribe-craft",1
"scribes",1
"scrip",5
"script",3
"scrivener",1
"scroll",3
"scrolls",6
"scuttled",2
"scuttling",1
"scythe",1
"sea",4
"seafaring",1
"seal",1
"sealed",3
"search",4
"searched",4
"searching",1
"season",3
"seasons",1
"seat",2
"seats",2
"second",17
"secret",5
"see",256
"seed-dust",1
"seeded",1
"seeding",1
"seeing",11
"seek",47
"seekers",4
"seeking",19
"seem",10
"seemed",109
"seemest",6
"seemeth",5
"seeming",15
"seemliest",1
"seemliness",1
"seemly",1
"seems",1
"seen",84
"seest",13
"seeth",1
"seldom",11
"sele",6
"self",3
"self-same",1
"sell",3
"selves",1
"semblance",9
"send",21
"sender",5
"senders",3
"sending",67
"sendings",2
"sense",5
"sent",26
"september",2
"sergeant",17
"sergeants",5
"serious",2
"serpent",5
"serpent-ring",1
"serpents",1
"servant",13
"servants",8
"serve",17
"served",10
"servest",1
"serveth",2
"service",15
"serving",3
"serving-damsels",1
"serving-women",1
"servitude",2
"set",101
"setting",2
"settle",6
"settled",2
"seven",9
"seventeen",2
"seventh",1
"sewed",1
"sewing",2
"sewing-women",1
"sewn",4
"shackle",1
"shackled",1
"shade",6
"shaded",1
"shadow",16
"shadows",6
"shady",1
"shaft",13
"shafts",7
"shaggy",2
"shake",1
"shaken",1
"shall",396
"shallow",4
"shallower",1
"shalt",102
"shambling",1
"shame",22
"shamed",5
"shamefaced",3
"shamefast",2
"shameful",1
"shamelessness",1
"shameth",1
"shaming",1
"shape",33
"shaped",1
"shapelier",1
"shapeliness",2
"shapely",4
"shapen",6
"shaper",1
"shapes",3
"shaping",2
"shard",1
"share",3
"sharing",2
"sharp",11
"sharply",4
"she",2886
"she-fellow",1
"she-friend",3
"she-friends",9
"she-goat",2
"she-leech",1
"she-traitors",1
"she-wolf",1
"shear",1
"sheared",2
"shearing",1
"sheath",5
"shed",3
"shedding",1
"sheep",5
"sheep-bell",1
"sheep-carles",1
"sheep-walks",1
"sheer",10
"sheet",1
"shelf",1
"shelter",4
"sheltered",1
"shepherd",1
"shepherd-folk",1
"shepherd-music",1
"sheriff",1
"shield",1
"shield-hung",1
"shields",1
"shifford-on-the-strand",1
"shift",4
"shifting",1
"shifty",1
"shimmering",1
"shine",2
"shining",11
"ship",5
"ships",2
"shirt",2
"shivering",1
"shoal",1
"shod",3
"shoeless",1
"shoes",4
"shone",10
"shook",16
"shoon",22
"shoot",5
"shooting-gear",2
"shoots",1
"shore",25
"shores",1
"short",36
"short-sword",1
"shorten",2
"shortening",3
"shortest",3
"shortly",4
"shot",8
"shot-weapons",1
"shot-window",2
"should",167
"shoulder",23
"shoulders",21
"shouldest",5
"shouldst",8
"shout",3
"shouted",2
"shouting",3
"shove",3
"shoved",7
"shoving",1
"show",30
"showed",15
"shower",1
"showing",2
"shown",4
"shows",2
"shrank",5
"shrieked",1
"shrieking",4
"shrieks",3
"shrill",2
"shrilly",1
"shrine",1
"shrinking",1
"shrunken",1
"shuddered",2
"shut",4
"shutting",1
"shy",4
"shyly",8
"sick",17
"sicken",2
"sickened",3
"sickening",1
"sickens",1
"sickness",5
"side",62
"sides",8
"sighed",3
"sight",43
"sign",9
"signs",2
"silence",11
"silent",38
"silently",5
"silk",8
"silken",3
"silks",1
"silver",4
"simple",22
"simples",1
"simply",13
"since",98
"sing",3
"singeth",1
"singing",11
"sings",1
"sink",6
"sinking",1
"sip",1
"sipped",1
"sir",125
"sire",1
"sirs",1
"sister",48
"sister-witch",1
"sisters",13
"sisters’",1
"sister’s",4
"sit",28
"sithence",8
"sits",2
"sitter",1
"sitting",25
"six",10
"sixteen",1
"sixth",4
"sixty",1
"skilful",1
"skill",2
"skilled",1
"skin",24
"skin-changing",3
"skinny",1
"skirmishing",1
"skirt",5
"skirt-hem",1
"skirteth",1
"skirts",12
"sky",12
"slack",2
"slain",26
"slaughter",1
"slaves",1
"slay",30
"slaying",5
"sleek",3
"sleeked",2
"sleekened",1
"sleeker",2
"sleekness",3
"sleep",26
"sleeper",1
"sleeping",12
"sleepy",2
"sleeve",4
"sleeves",2
"slender",3
"slept",27
"slew",6
"slid",2
"sliding",1
"slim",13
"slimy",1
"slinger",1
"slip",3
"slipped",3
"slipping",1
"slopes",1
"slot",5
"sloth",2
"slothful",2
"slow",4
"slower",3
"slowly",14
"slowly-shelving",1
"slug-a-bed",1
"sluggard",2
"slumber",5
"slumbered",2
"slumbering",1
"slung",2
"sluttish",1
"sly",3
"small",16
"smaller",5
"smallest",1
"smart",2
"smeared",2
"smearing",1
"smears",2
"smell",1
"smelled",1
"smells",1
"smile",7
"smiled",56
"smiles",2
"smiling",33
"smite",6
"smith",1
"smiting",3
"smitten",3
"smock",36
"smock-sewing",1
"smocks",1
"smoke",4
"smooth",14
"smooth-cheeked",1
"smooth-grounded",1
"smoother",2
"smote",20
"snare",1
"snares",1
"snarl",1
"snarling",1
"snatched",1
"snorted",1
"snow",5
"so",1002
"sobbed",2
"sobbing",5
"sober",5
"sobered",1
"soberly",2
"soberness",1
"sobs",3
"soever",1
"soft",30
"soft-footed",1
"soft-shapen",1
"softer",3
"softest",1
"softly",23
"softness",3
"sojourn",2
"solace",17
"solaced",8
"solar",6
"solemn",2
"solemnest",1
"solemnity",1
"soles",2
"solid",1
"solitude",1
"some",237
"somehow",7
"someone",9
"something",42
"sometime",1
"sometimes",2
"somewhat",205
"somewhence",1
"somewhere",2
"somewhither",3
"son",3
"song",9
"songs",5
"sons",24
"soon",41
"sooner",9
"soonest",1
"sooth",47
"soothed",2
"soothly",6
"sorceress",4
"sorceries",1
"sorcery",4
"sore",44
"sorely",15
"soreness",1
"sorrier",2
"sorrow",37
"sorrow-weary",1
"sorrowed",1
"sorrowful",2
"sorrowfully",2
"sorry",16
"sort",5
"sought",23
"soughtest",1
"soul",31
"souls",4
"sound",39
"sounded",4
"sounds",1
"sour",1
"sourly",1
"south",8
"south-east",1
"south-west",2
"southern",2
"southernmost",1
"southward",6
"southward-looking",1
"sow",3
"sowing",2
"space",18
"spade",1
"spake",277
"spar",1
"spare",10
"spared",8
"sparkle",1
"sparrow",1
"sparrow-hawk",1
"sparser",1
"spat",1
"speak",43
"speaker",3
"speaking",11
"speaks",1
"spear",2
"spear-head",1
"spear-heads",1
"spear-thrust",1
"spearmen",1
"spears",3
"special",1
"specially",3
"sped",23
"speech",38
"speech-friend",9
"speech-friends",4
"speechless",2
"speed",11
"speedier",1
"speediest",1
"speedily",29
"speeding",5
"speedy",4
"spell",8
"spell-words",2
"spell-work",1
"spells",2
"spend",3
"spent",7
"spicy",1
"spirit",2
"spirits",2
"spite",2
"spiteful",1
"spitefully",1
"spoil",6
"spoiled",3
"spoiling",1
"spoilt",1
"spoke",9
"spoken",20
"sport",3
"sported",3
"sporting",4
"sportive",1
"sprang",10
"spray",1
"spread",9
"spreading",1
"spring",11
"spring-tide",2
"springeth",1
"springing",1
"springs",1
"springtide",2
"sprinkled",1
"spur",3
"spurned",1
"spurred",3
"spy",4
"spying",1
"square",1
"squire",69
"squirehood",1
"squires",2
"squire’s",3
"squirrel",1
"squirrels",2
"ss",1
"st",6
"stable",1
"staff",2
"staggering",1
"staid",1
"staining",1
"stains",1
"stair",12
"stair-end",1
"stair-foot",1
"stairs",3
"stall",1
"stammered",1
"stammering",1
"stamped",3
"stanchions",1
"stand",21
"standest",1
"standeth",1
"standing",27
"star",1
"stared",12
"staring",9
"stark",10
"starlight",1
"stars",6
"started",3
"starved",1
"starvelings",1
"state",2
"stately",5
"staunching",1
"staves",4
"stay",16
"stayed",37
"staying",2
"stays",1
"stead",11
"steaded",1
"steadied",1
"steadily",2
"steady",1
"steal",3
"stealing",3
"stealthily",1
"steed",2
"steel",5
"steeled",1
"steep",9
"steep-sided",1
"steeper",1
"steeply",1
"steer",1
"steerage",1
"steered",1
"steerer",3
"steering",2
"stem",10
"step",7
"stepped",33
"stepping",1
"steps",6
"stern",22
"stick",3
"stiff",2
"still",68
"stilled",1
"stint",1
"stir",13
"stirred",11
"stirring",13
"stirrup",2
"stole",8
"stolen",12
"stomach",1
"stone",28
"stone-cold",1
"stone-fretter",1
"stonecast",1
"stones",15
"stone’s",1
"stony",12
"stood",209
"stoodest",1
"stool",3
"stools",2
"stooped",13
"stooping",1
"stop",1
"stopped",2
"stopple",3
"store",7
"stored",2
"stores",1
"stories",1
"storm",6
"stormy",1
"story",22
"stour",1
"stout",11
"stout-limbed",1
"stouter-hearted",1
"stowed",3
"straight",36
"straighter",1
"straightest",1
"straightly",1
"straightway",44
"strained",2
"strait",4
"strait-hipped",1
"straitened",2
"straitest",1
"straitlaced",1
"straitness",1
"strand",9
"strange",32
"strangely",2
"stranger",13
"strawberries",5
"stray",2
"strayed",5
"straying",3
"stream",35
"stream-side",4
"streamed",1
"streaming",3
"streams",1
"street",12
"streets",7
"strength",7
"strengthen",2
"strengthened",1
"strengthening",1
"stretched",12
"strewn",1
"stricken",3
"stride",1
"striding",1
"strife",6
"strike",1
"striking",2
"string",4
"string-play",5
"strings",1
"strip",4
"stripe-sailed",1
"striped",1
"stripes",7
"stripling",1
"stripped",6
"strive",4
"striven",2
"strives",1
"striving",7
"strode",3
"stroke",6
"stroked",2
"strokes",5
"stroking",1
"strolled",1
"strong",25
"strong-looking",1
"stronger",9
"strongest",1
"stronghold",1
"strongly",9
"strove",18
"struck",4
"struggle",1
"struggling",1
"strung",4
"stubborn",2
"stuff",1
"stuffing",1
"stuffs",1
"stumble",1
"stumbled",2
"stung",1
"stunned",1
"stupid",8
"stupider",1
"sturdily",2
"sturdy",1
"submitted",1
"such",140
"suchlike",2
"suckling",1
"sudden",7
"suddenly",18
"suffer",29
"suffered",26
"suffereth",1
"suffering",1
"suffice",1
"sugar-plum",1
"sullen",2
"summer",16
"summers",8
"summer’s",1
"summon",3
"summoned",1
"sumpter",1
"sumpter-beast",1
"sumpter-beasts",2
"sumpter-horse",2
"sumpter-horses",1
"sumpters",1
"sun",76
"sun-bleached",1
"sun-burned",1
"sunbeam",1
"sunbeams",1
"sunder",9
"sundered",4
"sunderest",1
"sundering",14
"sundry",1
"sunk",1
"sunken",2
"sunlight",2
"sunny",1
"sunrise",4
"sunset",14
"sunshine",5
"sun’s",1
"sup",1
"supine",1
"supped",1
"supper",7
"supplanter",1
"suppose",6
"surcoat",11
"surcoats",1
"sure",21
"surely",28
"surer",2
"surliness",2
"surly",6
"surprise",1
"surprised",1
"sustained",1
"sustenance",1
"swains",2
"swale",1
"swallow",1
"swallowed",2
"swam",14
"swarmed",1
"swarming",1
"swathe",1
"swayed",3
"swaying",2
"swear",19
"sweep",1
"sweet",84
"sweet-chestnut",1
"sweet-growing",1
"sweet-tempered",1
"sweet-voiced",1
"sweeten",1
"sweetened",1
"sweeter",6
"sweetest",2
"sweetling",9
"sweetlings",4
"sweetly",19
"sweetmeats",2
"sweetness",21
"swell",2
"swelled",2
"swelling",1
"swept",2
"swift",6
"swift-foot",2
"swiftest",2
"swiftlier",1
"swiftly",26
"swiftness",1
"swim",10
"swimmer",1
"swimming",14
"swimmings",1
"swims",1
"swink",2
"swinking",2
"switches",1
"swoon",4
"swoon-dreams",1
"swooned",2
"swooning",2
"swoop",1
"sword",58
"sword-hardened",1
"swords",11
"swore",6
"sworn",4
"tabernacles",1
"table",11
"tables",2
"tail",2
"take",136
"taken",22
"takes",2
"takest",1
"taketh",1
"taking",5
"tale",110
"tales",18
"tale’s",1
"talk",50
"talked",15
"talking",16
"tall",38
"taller",2
"tallest",1
"talons",1
"tame",2
"tamer",1
"tangle",3
"tangled",2
"tanned",4
"tapestry",1
"tarried",7
"tarry",15
"tarrying",7
"task",1
"tasks",1
"taste",1
"tasted",1
"tastes",1
"tattered",1
"taught",1
"taunting",1
"teach",2
"teaching",1
"tear",2
"tearful",1
"tearing",2
"tears",35
"teeth",5
"tell",244
"telleth",1
"telling",29
"tells",4
"temper",1
"tempt",1
"ten",5
"tended",1
"tender",4
"tender-hearted",1
"tenderness",2
"tenderness’",1
"tending",2
"tent",2
"tents",2
"term",1
"terms",1
"terrible",11
"terror",24
"terror-stricken",1
"terrors",1
"tether",4
"tethered",5
"than",247
"thanes",1
"thank",21
"thanked",20
"thankest",1
"thanking",2
"thanks",8
"that",2281
"thatch",1
"thatched",4
"the",7512
"thee",986
"their",321
"theirs",4
"them",665
"themseemed",1
"themselves",18
"then",807
"thence",39
"thenceforth",3
"there",630
"thereabout",2
"thereabouts",4
"thereafter",89
"thereat",37
"thereby",28
"therefor",13
"therefore",26
"therefrom",1
"therein",104
"thereinto",2
"thereof",135
"thereon",23
"thereout",3
"thereover",5
"therethrough",3
"thereto",40
"thereunder",1
"therewith",163
"therewithal",16
"these",141
"they",1043
"thick",17
"thick-hearted",1
"thickened",1
"thickest",1
"thicket",28
"thickets",6
"thicket’s",1
"thief",4
"thieves",1
"thigh",1
"thin",16
"thin-flanked",1
"thin-lipped",3
"thine",126
"thing",64
"things",77
"think",60
"thinkest",1
"thinketh",1
"thinking",17
"thinner",2
"third",21
"thirdly",1
"thirty",7
"this",667
"thither",51
"thitherward",10
"thole",3
"tholed",1
"thomas",8
"thong",1
"thongs",1
"thorn",6
"thorn-brake",1
"thorn-bush",2
"thorn-bushes",2
"thorn-tree",1
"thorn-trees",1
"thorns",3
"thorp",1
"thorps",3
"those",109
"thou",1278
"though",235
"thought",95
"thoughts",12
"thousand-hued",1
"thraldom",2
"thrall",20
"thralldom",1
"thralls",9
"thrall’s",2
"thread",3
"threading",2
"threads",2
"threat",2
"threaten",1
"threatened",5
"three",175
"three-folded",1
"threshold",5
"threw",10
"thrice",7
"thrift",1
"thrive",1
"thriving",4
"throat",11
"throats",2
"throne",4
"throng",9
"thronged",2
"thronging",2
"throstle",1
"throstles",1
"through",85
"throughly",1
"throve",1
"throw",2
"thrown",1
"thrums",1
"thrushes",1
"thrust",32
"thrusting",7
"thunder",5
"thundering",1
"thus",62
"thwart",5
"thwarted",1
"thwarts",1
"thy",452
"thyself",29
"tide",3
"tiding",1
"tidingless",2
"tidings",41
"tie",2
"tied",3
"tight",1
"till",189
"tillage",6
"tilled",2
"tiller",1
"tilt-yard",2
"tilted",1
"tiltings",1
"timber",4
"timbered",1
"time",201
"timely",1
"times",24
"timidly",3
"timorous",6
"timorously",2
"tinder",4
"tingle",1
"tinkle",1
"tinkling",2
"tints",1
"tippet",1
"tire-woman",1
"tired",1
"tiring",1
"to",3395
"to-day",1
"to-do",1
"to-furrowed",1
"to-morrow",2
"to-night",12
"to-wearied",1
"today",29
"today’s",1
"together",136
"toil",18
"toiled",3
"toilsome",4
"token",19
"tokens",5
"told",135
"toldest",1
"tomorrow",56
"tongue",9
"tongues",1
"too",13
"took",171
"tool",1
"tools",1
"top",3
"topmost",2
"topped",1
"tore",4
"torment",19
"tormented",10
"tormentors",1
"torments",1
"torn",2
"tossing",3
"tottered",1
"touch",16
"touched",9
"touching",1
"tough",1
"tow",2
"toward",127
"towards",10
"tower",6
"tower-top",4
"towering",1
"towers",8
"town",32
"towns",3
"townsman",9
"townswoman",1
"toy",2
"toys",1
"trackers",1
"tracking",2
"traitor",6
"traitors",4
"tramping",1
"transgressed",1
"transgression",1
"trap",6
"traps",1
"traveller",1
"traveller’s",1
"travelling",1
"treachery",1
"tread",3
"treason",5
"treasure",4
"treasure-house",1
"treat",1
"tree",16
"tree-beset",1
"tree-bole",3
"tree-boughs",3
"tree-hung",1
"tree-trunk",1
"treeless",1
"treen",1
"trees",41
"trellised",1
"tremble",1
"trembled",8
"trembling",19
"trench",1
"tress",15
"tresses",1
"trice",2
"trick",1
"trickles",1
"tricks",1
"tried",11
"trier",1
"trim",7
"trimly",1
"trimmer",1
"trimness",1
"tripped",1
"triumph",4
"trod",2
"trodden",1
"troth",1
"trouble",29
"troubled",17
"troubles",3
"troubleth",1
"troubling",1
"troublous",3
"trough",1
"trouts",1
"trow",9
"trowed",4
"trowest",1
"truckle-bed",1
"trudge",1
"true",40
"true-hearted",1
"true-love’s",1
"truly",8
"trumpeter",1
"trunks",2
"truss",1
"trussed",3
"trussed-up",1
"trussing",1
"trust",13
"trusted",2
"trustiness",2
"trusting",2
"trustworthy",1
"trusty",9
"truth",15
"try",17
"trying",3
"tryst",14
"trysting",3
"trysting-place",1
"tuesday",3
"tugged",1
"tumble",3
"tumult",7
"tune",1
"tunes",1
"turf",2
"turmoil",3
"turn",36
"turned",168
"turneth",1
"turning",11
"turns",3
"tush",2
"twain",22
"twelfth",1
"twelve",2
"twenty",9
"twice",11
"twig-shower",1
"twiggen",3
"twilight",5
"twin-sister",1
"twine",1
"twinkle",1
"twinkling",6
"twisted",2
"two",192
"two-legged",1
"two-score",1
"tyrannous",1
"tyrant",10
"udders",1
"ugly",13
"ugsome",1
"unadorned",1
"unarm",1
"unarmed",9
"unartful",1
"unavailing",1
"unbelieving",1
"unblended",1
"unborn",1
"unbound",1
"unbroken",2
"unbuilded",1
"uncared",1
"unchanged",2
"unclad",5
"unclasped",1
"uncomely",1
"uncompelled",3
"uncourteous",1
"uncouth",5
"uncrushed",1
"undeftly",1
"under",116
"undercroft",1
"underground",1
"undern",1
"underneath",8
"understand",5
"understanding",1
"understood",4
"underwood",1
"undid",2
"undo",5
"undoing",4
"undone",10
"undying",2
"uneasily",3
"unfaithful",1
"unfinished",1
"unfoughten",1
"unfriendly",2
"unfriends",2
"unfulfilled",1
"unfurnished",1
"ungarnished",1
"ungirt",1
"ungoodly",2
"ungraciously",1
"ungrassed",1
"ungreedy",1
"unguarded",1
"unhandy",1
"unhap",2
"unhappily",1
"unhappiness",1
"unhappy",5
"unharvested",1
"unheard",1
"unheedful",1
"unhelmed",1
"unholpen",1
"unhorse",1
"unhorsed",1
"unhurt",1
"unhurtful",1
"unkenned",2
"unkent",2
"unkind",1
"unknowing",1
"unlaced",1
"unladed",1
"unless",7
"unlike",4
"unlikely",1
"unlocked",2
"unluck",1
"unmanlike",1
"unmeet",2
"unmerrily",1
"unmighty",1
"unminished",1
"unpeace",5
"unravel",1
"unrest",2
"unrestful",2
"unrich",1
"unseemly",2
"unseen",4
"unseldom",1
"unshackled",1
"unsheared",1
"unshod",1
"unsought",18
"unspoken",1
"unstable",1
"unstrung",1
"until",19
"unto",241
"untold",2
"untouched",1
"untoward",1
"untroubled",1
"untrue",1
"untrusty",1
"unwaked",1
"unwary",1
"unwashen",2
"unweaponed",1
"unweary",1
"unwedded",2
"unwit",2
"unwitting",2
"unwont",1
"unwonted",2
"unworn",1
"unyielding",1
"up",426
"up-stream",1
"upham",3
"upheld",3
"upland",3
"uplifted",1
"upon",143
"upper",5
"upraised",1
"upright",4
"upshot",1
"upstairs",1
"upward",1
"ursula",1
"us",437
"use",12
"used",9
"useless",1
"using",2
"utmost",3
"utter",2
"uttered",3
"utterhay",42
"utterly",8
"uttermost",1
"vain",4
"valiance",4
"valiancy",6
"valiant",18
"valianter",2
"valiantly",9
"valley",44
"valour",2
"vanish",1
"vanished",2
"vanishing",1
"vanquisheth",1
"vantage",1
"vault",5
"vaulted",1
"vaulting",1
"vavassours",1
"veil",1
"veins",1
"vengeance",2
"venison",15
"venoms",1
"venture",6
"venturesome",1
"verge",2
"verily",46
"very",135
"vexed",1
"vice-ruler",1
"victorious",1
"victory",2
"victual",22
"victualled",1
"victualling",1
"victuals",3
"villeins",1
"vine-leaves",1
"vines",1
"vineyard",1
"violence",1
"violet",1
"viridis",119
"viridis’",9
"visage",3
"visible",1
"vision",1
"visions",3
"visit",3
"visited",2
"visiting",1
"voice",102
"voiced",1
"voices",7
"void",2
"vow",3
"vowed",2
"voyage",5
"wade",2
"waded",1
"wage",8
"waged",2
"wages",1
"wail",1
"wailed",1
"wailing",8
"wailing–tower",1
"wains",1
"waist",1
"wait",4
"waited",2
"waiting",6
"waiting-tide",1
"wake",13
"waked",8
"waken",3
"wakened",1
"wakers",1
"waking",8
"wales",1
"walk",9
"walked",21
"walking",6
"wall",23
"wall-nook",3
"wall-wolf",2
"walled",2
"wallet",1
"wallow",1
"wallowing",2
"walls",27
"walnut-trees",1
"wan",3
"wan-hope",1
"wand",1
"wander",2
"wandered",12
"wanderer",1
"wandering",6
"wanderings",1
"wane",2
"waned",4
"waneth",1
"wanhope",2
"waning",1
"wanton",1
"war",7
"war-deftness",1
"war-dukes",3
"war-gear",2
"war-harness",1
"war-horn",1
"war-perils",1
"war-swales",1
"war-sword",1
"ward",5
"warders",1
"warding",1
"wards",1
"wares",7
"warier",1
"warily",7
"warm",11
"warn",2
"warned",2
"warrant",1
"warrior",8
"warriors",9
"warrior’s",2
"wary",9
"was",1783
"wash",3
"washed",9
"washen",1
"wast",2
"waste",13
"wasted",6
"wasting",1
"watch",11
"watched",16
"watching",6
"water",183
"water-gate",5
"water-logged",1
"water-meadow",1
"water-side",7
"water-weed",1
"watered",3
"watering-places",1
"waters",20
"waterswale",1
"water’s",8
"wattle-work",1
"wave",3
"wave-crests",1
"waved",5
"wavering",2
"waves",8
"waveth",1
"waving",1
"wax",4
"wax-candles",1
"waxed",17
"waxen",4
"waxeth",1
"waxing",7
"way",192
"way-beast",3
"way-leader",4
"way-leaders",10
"way-warden",1
"wayfarer",2
"wayfarers",2
"waylay",2
"waylayers",1
"ways",76
"wayside",2
"wayworthy",2
"we",879
"weak",9
"weakling",1
"wealth",7
"wealthy",2
"weapon",2
"weaponed",16
"weaponless",2
"weapons",19
"wear",20
"wearest",2
"weareth",2
"wearied",13
"wearier",1
"wearies",1
"wearily",2
"weariness",14
"wearing",8
"weary",45
"weary-hearted",1
"weather",9
"weather-tight",1
"web",4
"wed",2
"wedded",2
"weddings",1
"weed",1
"week",8
"weeks",3
"weep",12
"weepest",2
"weeping",21
"weeping-ripe",2
"weigh",2
"weighed",1
"weight",4
"weighty",1
"weird",6
"welcome",23
"welfare",2
"well",215
"well-armed",1
"well-beloved",2
"well-carven",1
"well-favouredly",4
"well-haired",1
"well-knit",4
"well-learned",1
"well-liking",2
"well-looked",1
"well-made",1
"well-manned",1
"well-measured",1
"well-nigh",38
"well-opened",1
"well-pleased",1
"well-shapen",2
"well-spoken",1
"well-weaponed",1
"well-wrought",3
"wellnigh",1
"welted",1
"wench",2
"wend",14
"wended",4
"wender",4
"wenders",3
"wendeth",2
"wending",17
"went",402
"wept",46
"were",734
"wert",37
"west",8
"westering",3
"western",5
"westward",3
"wet",7
"what",404
"whatever",12
"whatlike",3
"whatso",8
"whatsoever",19
"wheat",7
"wheat-colour",1
"wheat-getting",1
"wheat-harvest",2
"wheedling",4
"when",618
"whenas",3
"whence",9
"whenso",9
"where",127
"whereabout",2
"whereabouts",2
"whereas",116
"whereat",1
"whereby",12
"wherefore",118
"wherein",42
"whereof",37
"whereon",5
"whereso",1
"wheresoever",5
"wherethrough",1
"whereto",10
"whereunto",1
"wherewith",11
"wherewithal",2
"whether",28
"whets",1
"which",398
"while",274
"whiles",69
"whilom",1
"whip",3
"whipped",1
"whips",1
"whirl",1
"whirled",1
"whisper",2
"whispered",3
"whispering",2
"whit",7
"white",53
"white-golden",1
"white-skinned",7
"whitebeam",2
"whitened",2
"whiteness",2
"whitethorn",1
"whither",25
"whithersoever",1
"whitherward",1
"who",280
"whole",21
"wholesome",2
"wholly",27
"whom",66
"whomsoever",2
"whoop",1
"whore",2
"whose",20
"whoso",9
"why",39
"whyso",1
"wicked",2
"wickedness",1
"wicket",2
"wide",30
"wide-eyed",1
"wide-sleeved",1
"widened",3
"wider",4
"widest",2
"wielded",1
"wife",2
"wight",9
"wights",11
"wild",28
"wild-cat",1
"wild-eyed",1
"wilderness",3
"wildly",1
"wildness",1
"wildwood",10
"wiles",3
"wilful",3
"wilfulness",1
"wiliest",1
"will",515
"willed",3
"willing",4
"willow",1
"willow-bough",2
"willow-boughs",4
"willow-twigs",1
"willows",3
"willowy",2
"wilt",150
"win",9
"wind",36
"winded",4
"winding",2
"windless",3
"window",6
"window-seat",1
"window-work",3
"windows",7
"winds",5
"windward",2
"windy",1
"wine",9
"winning",2
"winter",5
"winter-tide",1
"winters",11
"wipe",1
"wiped",3
"wiry",1
"wisdom",35
"wisdom-mother",2
"wise",86
"wisely",2
"wiser",10
"wish",8
"wished",2
"wishes",1
"wishful",1
"wishing",1
"wisp",1
"wistfully",2
"wit",66
"witch",130
"witch-drink",1
"witch-ferry",1
"witch-house",1
"witch-lady",1
"witch-land",1
"witch-mistress",4
"witch-sister",1
"witch-songs",1
"witch-wife",44
"witch-wife’s",2
"witches",2
"witch’s",19
"with",943
"withal",83
"withdrew",2
"withered",1
"withereth",1
"withheld",2
"within",42
"without",97
"withstood",1
"witless",2
"witness",2
"wits",4
"wittingly",1
"wives",1
"wizard",1
"wizardry",6
"wizards",1
"woe",9
"woeful",5
"woefully",2
"woes",1
"woe’s",11
"woful",1
"woke",7
"wolf",3
"wolfish",1
"wolves",1
"woman",133
"woman-mad",1
"womanhood",6
"womanless",1
"womanly",1
"woman’s",4
"women",59
"women-bairns",1
"women-children",1
"women-servants",1
"womenfolk",1
"women’s",1
"won",8
"wonder",28
"wonder-coffer",4
"wonder-house",1
"wonder-isle",1
"wonder-raiment",1
"wondered",36
"wonderful",3
"wondering",13
"wonders",3
"wondrous",18
"wont",35
"wonted",10
"woo",1
"wood",135
"wood-berries",1
"wood-cattle",1
"wood-dove",1
"wood-doves",1
"wood-fruit",1
"wood-knife",1
"wood-lawn",4
"wood-lawns",1
"wood-maiden",2
"wood-mother",40
"wood-mother’s",1
"wood-reeve",1
"wood-strawberries",1
"wood-wife",75
"wood-wife’s",2
"wood-woman",5
"woodbine",1
"woodcraft",3
"wooded",1
"wooden",1
"woodland",32
"woodlands",2
"woodlawn",2
"woodness",1
"woods",16
"woodsides",1
"woodsmen",1
"wood’s",1
"wooed",2
"wooer",1
"wooing",1
"wool-fair",1
"woollen",1
"word",128
"wordless",4
"words",104
"wore",44
"work",62
"work-a-day",1
"work-women",1
"worked",1
"working",3
"workwoman",1
"workwomen",2
"world",32
"worldly",1
"worlds",1
"world’s",2
"worm",1
"worn",28
"worse",19
"worsened",3
"worser",6
"worship",6
"worshipped",5
"worshipping",1
"worst",13
"worth",7
"worthier",1
"worthies",2
"worthily",2
"worthy",3
"wot",52
"wotted",10
"wottest",6
"wotteth",5
"wotting",2
"would",469
"wouldest",5
"wouldst",40
"wound",3
"wounded",1
"wounds",2
"wrack",1
"wrangle",2
"wrangling",1
"wrapped",1
"wrath",12
"wrathfully",1
"wreath",1
"wrest",1
"wretch",3
"wretched",5
"wretchedness",2
"wring",1
"wrist",5
"wrists",10
"writ",3
"writhed",2
"writhen",1
"writhing",1
"writing",2
"written",1
"wrong",11
"wrong-doing",1
"wrongs",1
"wroth",10
"wrought",13
"wrung",2
"yards",11
"ye",270
"yea",114
"year",8
"yearn",1
"yearned",2
"yearning",1
"yearns",1
"years",45
"year’s",1
"yeasaid",22
"yeasay",9
"yelled",2
"yelling",1
"yellow",8
"yellow-haired",1
"yellowed",1
"yelping",1
"yeoman",1
"yeoman’s",2
"yeomen",1
"yes",1
"yesterday",16
"yet",377
"yew-chair",2
"yield",3
"yielded",2
"yieldeth",1
"yielding",1
"yon",1
"yonder",22
"yore",2
"you",186
"young",71
"young-grown",1
"younger",4
"youngest",1
"youngling",3
"younglings",7
"your",76
"yours",4
"yourselves",2
"youth",10
"youthful",1
"yule-tide",1
"‘had",1
"‘tis",7
"‘twere",1
"‘twixt",2
